product_id,product_name,rating,review_text,date,platform
SKU-57668,HAUGESUND Mattress,5,Incredible value for the price — looks far more expensive than it is.,2026-07-26,Trustpilot
SKU-23797,HÖVÅG Mattress,1,Bag of hardware was incomplete — frustrating when you've set aside the whole day for it.,2026-07-20,IKEA.com
SKU-21640,SÖDERHAMN Sectional,5,Amazing quality for such a low price. Would recommend to anyone furnishing on a budget.,2026-07-14,IKEA.com
SKU-15358,TÄRNÖ Bistro Set,5,"Surprisingly sturdy and solid, no wobble at all even after months of daily use.",2026-07-19,Reddit
SKU-38702,IVAR Shelf Unit,1,Particleboard chipped at the edges within a month and the finish scratches if you look at it.,2026-07-11,Amazon
SKU-27995,HEMNES Wardrobe,4,"Gorgeous, minimalist design. This wardrobe ties the whole room together.",2026-07-30,IKEA.com
SKU-25279,TERTIAL Work Lamp,5,Amazing quality for such a low price. Would recommend to anyone furnishing on a budget.,2026-07-25,IKEA.com
SKU-40828,VARIERA Box,5,"Three years in and still going strong, no complaints whatsoever.",2026-07-16,Google Reviews
SKU-89569,FADO Table Lamp,5,"Three years in and still going strong, no complaints whatsoever.",2026-07-12,Trustpilot
SKU-57931,LACK Wall Shelf,1,A drawer rail snapped after just a month of normal use.,2026-07-21,Google Reviews
SKU-40828,VARIERA Box,3,"Color looked lighter in person than online — still okay, but not what I expected.",2026-07-22,Google Reviews
SKU-84334,POÄNG Armchair,2,Spent an entire afternoon building this. Some cam locks wouldn't tighten properly.,2026-07-13,Trustpilot
SKU-02762,HEMNES Bathroom Vanity,2,Wobbles side to side the moment you lean on it. Had to add brackets to the wall.,2026-07-21,Google Reviews
SKU-15358,TÄRNÖ Bistro Set,5,"Surprisingly sturdy and solid, no wobble at all even after months of daily use.",2026-07-26,IKEA.com
SKU-72933,TROFAST Storage,5,"Assembled in about 20 minutes, clear instructions and every part was labeled.",2026-07-04,Reddit
SKU-72933,TROFAST Storage,5,This storage feels rock-solid. Much more robust than I expected at this price.,2026-07-05,Amazon
SKU-96612,MICKE Desk,4,"Elegant and clean-looking, guests always compliment it.",2026-07-16,Reddit
SKU-97541,BILLY Bookcase,3,Not very stable — this shelving shakes whenever you touch it.,2026-07-21,Google Reviews
SKU-04453,ADDE Chair,1,Broke almost immediately — the joints couldn't handle everyday use.,2026-07-18,IKEA.com
SKU-92110,LANDSKRONA Armchair,1,Bag of hardware was incomplete — frustrating when you've set aside the whole day for it.,2026-07-28,Amazon
SKU-54880,MALM Bed Frame,3,Spent an entire afternoon building this. Some cam locks wouldn't tighten properly.,2026-07-25,Reddit
SKU-42624,EKTORP 3-Seat Sofa,5,Amazing quality for such a low price. Would recommend to anyone furnishing on a budget.,2026-07-23,IKEA.com
SKU-57931,LACK Wall Shelf,5,"Assembled in about 20 minutes, clear instructions and every part was labeled.",2026-07-03,Google Reviews
SKU-60410,TROFAST Frame,1,Fell apart faster than I expected. You get what you pay for.,2026-07-24,Reddit
SKU-28891,MARKUS Office Chair,4,Really well built — my kids climb on it and it hasn't budged.,2026-07-03,Reddit
SKU-82287,KLIPPAN Loveseat,5,"Three years in and still going strong, no complaints whatsoever.",2026-07-30,Google Reviews
SKU-46676,BESTÅ Storage Combo,4,"Elegant and clean-looking, guests always compliment it.",2026-07-03,IKEA.com
SKU-03005,BRIMNES Storage Bed,2,Not very stable — this bed shakes whenever you touch it.,2026-07-09,Trustpilot
SKU-58548,ÅSVANG Mattress,2,"The instructions for this mattress were confusing, lots of unlabeled parts. Needed a second person.",2026-07-17,Reddit
SKU-58175,GURLI Cushion Cover,1,Sags in the middle after light use. Uncomfortable to sit on for long.,2026-07-24,Amazon
SKU-44735,HEKTAR Pendant Lamp,5,"Extremely comfortable, we sit on it every single evening.",2026-07-26,Trustpilot
SKU-54880,MALM Bed Frame,2,Spent an entire afternoon building this. Some cam locks wouldn't tighten properly.,2026-07-26,IKEA.com
SKU-59902,HEMNES Bed Frame,2,Assembly was a nightmare — took me over three hours and the pre-drilled holes didn't line up.,2026-07-31,IKEA.com
SKU-30407,BRIMNES Wardrobe,5,You genuinely cannot beat this wardrobe for the money. Bought two.,2026-07-12,Amazon
SKU-05181,JÄRVFJÄLLET Office Chair,5,"Three years in and still going strong, no complaints whatsoever.",2026-07-08,Amazon
SKU-20565,VINDUM Rug,4,Really well built — my kids climb on it and it hasn't budged.,2026-07-20,Google Reviews
SKU-58175,GURLI Cushion Cover,5,"Genuinely simple to put together, even solo.",2026-07-13,IKEA.com
SKU-25710,STOCKSUND Loveseat,5,"Assembled in about 20 minutes, clear instructions and every part was labeled.",2026-07-26,Trustpilot
SKU-46477,ALEX Drawer Unit,5,This office storage has survived two moves and still looks new.,2026-07-28,Google Reviews
SKU-54073,IKEA 365+ Cookware Set,1,"Cheap feeling materials, the veneer is already peeling on this kitchenware.",2026-07-08,Reddit
SKU-63668,TARVA Bed Frame,5,Incredible value for the price — looks far more expensive than it is.,2026-07-04,Trustpilot
SKU-83892,IDÅSEN Sit/Stand Desk,5,"Assembled in about 20 minutes, clear instructions and every part was labeled.",2026-07-06,Amazon
SKU-25710,STOCKSUND Loveseat,4,This sofa feels rock-solid. Much more robust than I expected at this price.,2026-07-25,Amazon
SKU-58952,FJÄLLBO Shelf,5,"Assembled in about 20 minutes, clear instructions and every part was labeled.",2026-07-27,Google Reviews
SKU-05181,JÄRVFJÄLLET Office Chair,1,Sags in the middle after light use. Uncomfortable to sit on for long.,2026-07-23,IKEA.com
SKU-92110,LANDSKRONA Armchair,5,"Three years in and still going strong, no complaints whatsoever.",2026-07-03,Reddit
SKU-03005,BRIMNES Storage Bed,2,Shipping took forever and tracking never updated.,2026-07-31,Trustpilot
SKU-77208,STOENSE Rug,5,Amazing quality for such a low price. Would recommend to anyone furnishing on a budget.,2026-07-14,IKEA.com
SKU-03005,BRIMNES Storage Bed,5,Easiest flat-pack I've built — everything lined up on the first try.,2026-07-27,Google Reviews
SKU-54661,ODGER Chair,4,"Elegant and clean-looking, guests always compliment it.",2026-07-13,Google Reviews
SKU-40828,VARIERA Box,4,"Looks beautiful in our living room, exactly as pictured online.",2026-07-19,Reddit
SKU-06922,EKEDALEN Dining Table,1,Broke almost immediately — the joints couldn't handle everyday use.,2026-07-27,Reddit
SKU-97541,BILLY Bookcase,5,Incredible value for the price — looks far more expensive than it is.,2026-07-05,Trustpilot
SKU-44735,HEKTAR Pendant Lamp,5,"Elegant and clean-looking, guests always compliment it.",2026-07-11,Google Reviews
SKU-59940,LILLÅNGEN Sink Cabinet,5,Amazing quality for such a low price. Would recommend to anyone furnishing on a budget.,2026-07-30,Trustpilot
SKU-97541,BILLY Bookcase,5,Amazing quality for such a low price. Would recommend to anyone furnishing on a budget.,2026-07-16,Trustpilot
SKU-99985,KALLAX Shelf Unit,4,"Elegant and clean-looking, guests always compliment it.",2026-07-23,Trustpilot
SKU-97541,BILLY Bookcase,5,"Extremely comfortable, we sit on it every single evening.",2026-07-31,Amazon
SKU-38702,IVAR Shelf Unit,5,Incredible value for the price — looks far more expensive than it is.,2026-07-13,Google Reviews
SKU-22366,ALEX Desk,3,Not very stable — this desk shakes whenever you touch it.,2026-08-02,IKEA.com
SKU-59902,HEMNES Bed Frame,1,Sags in the middle after light use. Uncomfortable to sit on for long.,2026-08-01,Google Reviews
SKU-91516,INGATORP Table,5,"Three years in and still going strong, no complaints whatsoever.",2026-08-01,Google Reviews
SKU-89569,FADO Table Lamp,1,One of the panels was cracked right out of the box. Packaging was too thin for a lighting this size.,2026-07-27,Trustpilot
SKU-23797,HÖVÅG Mattress,2,Sags in the middle after light use. Uncomfortable to sit on for long.,2026-07-10,Trustpilot
SKU-54661,ODGER Chair,1,"Two dowels were missing from the box, couldn't finish assembly until IKEA shipped more.",2026-08-02,Trustpilot
SKU-30407,BRIMNES Wardrobe,2,Fell apart faster than I expected. You get what you pay for.,2026-07-06,Trustpilot
SKU-99985,KALLAX Shelf Unit,4,This shelving feels rock-solid. Much more robust than I expected at this price.,2026-07-06,IKEA.com
SKU-92890,VARDAGEN Frying Pan,5,This kitchenware feels rock-solid. Much more robust than I expected at this price.,2026-07-24,Trustpilot
SKU-04453,ADDE Chair,5,You genuinely cannot beat this chair for the money. Bought two.,2026-07-23,Google Reviews
SKU-54880,MALM Bed Frame,5,"Elegant and clean-looking, guests always compliment it.",2026-07-07,Reddit
SKU-30407,BRIMNES Wardrobe,1,Way too firm and the edges dig in. Regret buying this wardrobe.,2026-07-28,Reddit
SKU-97541,BILLY Bookcase,5,You genuinely cannot beat this shelving for the money. Bought two.,2026-07-10,Google Reviews
SKU-55819,FÄRGKLAR Bowl Set,3,The finish is a bit different from the photos. This kitchenware is fine otherwise.,2026-07-05,Reddit
SKU-46477,ALEX Drawer Unit,5,"Looks beautiful in our living room, exactly as pictured online.",2026-07-17,Reddit
SKU-28891,MARKUS Office Chair,5,"Genuinely simple to put together, even solo.",2026-07-04,Google Reviews
SKU-72933,TROFAST Storage,2,Spent an entire afternoon building this. Some cam locks wouldn't tighten properly.,2026-07-05,Google Reviews
SKU-60410,TROFAST Frame,5,"Gorgeous, minimalist design. This kids ties the whole room together.",2026-07-21,Google Reviews
SKU-78120,FALSTER Chair,5,Amazing quality for such a low price. Would recommend to anyone furnishing on a budget.,2026-07-03,Amazon
SKU-53708,TROTTEN Desk,3,The finish is a bit different from the photos. This desk is fine otherwise.,2026-07-16,IKEA.com
SKU-10175,EKET Cabinet,5,"Elegant and clean-looking, guests always compliment it.",2026-07-14,Google Reviews
SKU-54073,IKEA 365+ Cookware Set,1,Fell apart faster than I expected. You get what you pay for.,2026-07-18,Trustpilot
SKU-03005,BRIMNES Storage Bed,5,"Looks beautiful in our living room, exactly as pictured online.",2026-07-07,Trustpilot
SKU-46676,BESTÅ Storage Combo,4,"Surprisingly sturdy and solid, no wobble at all even after months of daily use.",2026-08-02,IKEA.com
SKU-44583,STEFAN Chair,1,The leg cracked within weeks. Disappointed in this chair.,2026-07-20,Reddit
SKU-46477,ALEX Drawer Unit,3,"The instructions for this office storage were confusing, lots of unlabeled parts. Needed a second person.",2026-07-21,Trustpilot
SKU-96612,MICKE Desk,3,"Color looked lighter in person than online — still okay, but not what I expected.",2026-07-09,Amazon
SKU-04453,ADDE Chair,5,"Surprisingly sturdy and solid, no wobble at all even after months of daily use.",2026-07-16,Trustpilot
SKU-34564,MORGEDAL Foam Mattress,5,"Perfect firmness and support, no back pain anymore.",2026-07-17,Reddit
SKU-72933,TROFAST Storage,2,Sags in the middle after light use. Uncomfortable to sit on for long.,2026-07-07,Reddit
SKU-58175,GURLI Cushion Cover,3,Delivery was two weeks late and customer service was unhelpful the whole time.,2026-07-10,Amazon
SKU-41973,RÅSKOG Utility Cart,4,"Elegant and clean-looking, guests always compliment it.",2026-07-25,Reddit
SKU-70459,KURA Reversible Bed,3,The finish is a bit different from the photos. This kids is fine otherwise.,2026-07-31,Google Reviews
SKU-54661,ODGER Chair,5,"Elegant and clean-looking, guests always compliment it.",2026-07-31,Trustpilot
SKU-94978,LINNMON Table Top,4,"Elegant and clean-looking, guests always compliment it.",2026-07-27,IKEA.com
SKU-82793,LOHALS Rug,5,Easiest flat-pack I've built — everything lined up on the first try.,2026-08-01,Trustpilot
SKU-82793,LOHALS Rug,5,"Genuinely simple to put together, even solo.",2026-07-21,Amazon
SKU-82287,KLIPPAN Loveseat,2,Way too firm and the edges dig in. Regret buying this sofa.,2026-07-06,Amazon
SKU-02762,HEMNES Bathroom Vanity,2,Wobbles side to side the moment you lean on it. Had to add brackets to the wall.,2026-07-26,Google Reviews
SKU-55819,FÄRGKLAR Bowl Set,5,So comfortable I nearly fall asleep in it. Best kitchenware we've owned.,2026-07-12,Amazon
SKU-83892,IDÅSEN Sit/Stand Desk,2,Shipping took forever and tracking never updated.,2026-07-16,IKEA.com
SKU-80441,NYMÅNE Floor Lamp,5,"Three years in and still going strong, no complaints whatsoever.",2026-07-13,Amazon
SKU-51806,BEKANT Desk,5,This desk feels rock-solid. Much more robust than I expected at this price.,2026-07-23,Trustpilot
SKU-40828,VARIERA Box,5,"Gorgeous, minimalist design. This kitchen ties the whole room together.",2026-07-09,Amazon
SKU-80079,LÅNGFJÄLL Office Chair,3,Delivery was two weeks late and customer service was unhelpful the whole time.,2026-07-10,Reddit
SKU-92110,LANDSKRONA Armchair,2,A drawer rail snapped after just a month of normal use.,2026-07-13,IKEA.com
SKU-24484,KIVIK Corner Sofa,2,"Feels flimsy and wobbles, the screws keep loosening no matter how often I tighten them.",2026-07-07,IKEA.com
SKU-94978,LINNMON Table Top,5,"Elegant and clean-looking, guests always compliment it.",2026-07-30,Reddit
SKU-05181,JÄRVFJÄLLET Office Chair,5,So comfortable I nearly fall asleep in it. Best chair we've owned.,2026-07-28,Reddit
SKU-57668,HAUGESUND Mattress,1,"Cheap feeling materials, the veneer is already peeling on this mattress.",2026-07-30,Reddit
SKU-21640,SÖDERHAMN Sectional,2,One of the panels was cracked right out of the box. Packaging was too thin for a sofa this size.,2026-07-03,Trustpilot
SKU-59902,HEMNES Bed Frame,5,"Three years in and still going strong, no complaints whatsoever.",2026-07-11,Google Reviews
SKU-34564,MORGEDAL Foam Mattress,1,"Cheap feeling materials, the veneer is already peeling on this mattress.",2026-07-16,Amazon
SKU-44735,HEKTAR Pendant Lamp,5,Incredible value for the price — looks far more expensive than it is.,2026-07-06,Amazon
SKU-70459,KURA Reversible Bed,5,Amazing quality for such a low price. Would recommend to anyone furnishing on a budget.,2026-07-05,Amazon
SKU-94978,LINNMON Table Top,5,"Genuinely simple to put together, even solo.",2026-07-08,Reddit
SKU-63950,KONCIS Roasting Pan,5,So comfortable I nearly fall asleep in it. Best kitchenware we've owned.,2026-07-06,Trustpilot
SKU-42406,SONGESAND Bed Frame,5,"Looks beautiful in our living room, exactly as pictured online.",2026-07-09,Amazon
SKU-06922,EKEDALEN Dining Table,3,The finish is a bit different from the photos. This dining is fine otherwise.,2026-08-02,Amazon
SKU-14271,PAX Wardrobe,4,This wardrobe feels rock-solid. Much more robust than I expected at this price.,2026-07-08,Google Reviews
SKU-27995,HEMNES Wardrobe,5,"Elegant and clean-looking, guests always compliment it.",2026-08-02,Reddit
SKU-46477,ALEX Drawer Unit,5,You genuinely cannot beat this office storage for the money. Bought two.,2026-07-16,Trustpilot
SKU-92890,VARDAGEN Frying Pan,3,The finish is a bit different from the photos. This kitchenware is fine otherwise.,2026-07-08,IKEA.com
SKU-42406,SONGESAND Bed Frame,5,"Elegant and clean-looking, guests always compliment it.",2026-07-26,Google Reviews
SKU-91516,INGATORP Table,5,Easiest flat-pack I've built — everything lined up on the first try.,2026-07-10,Reddit
SKU-30407,BRIMNES Wardrobe,5,Easiest flat-pack I've built — everything lined up on the first try.,2026-07-24,Google Reviews
SKU-14403,TOBIAS Chair,5,You genuinely cannot beat this chair for the money. Bought two.,2026-07-30,Reddit
SKU-95618,HELMER Drawer Unit,5,This office storage feels rock-solid. Much more robust than I expected at this price.,2026-07-10,Reddit
SKU-59940,LILLÅNGEN Sink Cabinet,5,"Three years in and still going strong, no complaints whatsoever.",2026-07-24,Trustpilot
SKU-89569,FADO Table Lamp,4,Really well built — my kids climb on it and it hasn't budged.,2026-07-16,Trustpilot
SKU-38702,IVAR Shelf Unit,5,Amazing quality for such a low price. Would recommend to anyone furnishing on a budget.,2026-07-24,Trustpilot
SKU-70459,KURA Reversible Bed,5,Amazing quality for such a low price. Would recommend to anyone furnishing on a budget.,2026-07-24,Amazon
SKU-63950,KONCIS Roasting Pan,5,"Extremely comfortable, we sit on it every single evening.",2026-07-25,Amazon
SKU-57668,HAUGESUND Mattress,3,"Ordered a month ago, arrived way past the promised date. The mattress itself is fine though.",2026-07-31,Reddit
SKU-92110,LANDSKRONA Armchair,5,"Surprisingly sturdy and solid, no wobble at all even after months of daily use.",2026-07-26,IKEA.com
SKU-15358,TÄRNÖ Bistro Set,1,Fell apart faster than I expected. You get what you pay for.,2026-07-21,Amazon
SKU-01468,KNOXHULT Kitchen,5,"Gorgeous, minimalist design. This kitchen ties the whole room together.",2026-07-15,Reddit
SKU-25710,STOCKSUND Loveseat,3,"Color looked lighter in person than online — still okay, but not what I expected.",2026-07-13,Trustpilot
SKU-97541,BILLY Bookcase,2,Assembly was a nightmare — took me over three hours and the pre-drilled holes didn't line up.,2026-07-28,Reddit
SKU-59902,HEMNES Bed Frame,5,This bed feels rock-solid. Much more robust than I expected at this price.,2026-07-11,Reddit
SKU-92890,VARDAGEN Frying Pan,4,"Gorgeous, minimalist design. This kitchenware ties the whole room together.",2026-07-11,Google Reviews
SKU-40828,VARIERA Box,5,You genuinely cannot beat this kitchen for the money. Bought two.,2026-07-08,Reddit
SKU-28891,MARKUS Office Chair,5,"Genuinely simple to put together, even solo.",2026-07-29,Google Reviews
SKU-96612,MICKE Desk,5,You genuinely cannot beat this desk for the money. Bought two.,2026-07-14,Reddit
SKU-58952,FJÄLLBO Shelf,5,"Perfect firmness and support, no back pain anymore.",2026-07-24,Amazon
SKU-99985,KALLAX Shelf Unit,5,So comfortable I nearly fall asleep in it. Best shelving we've owned.,2026-07-31,Reddit
SKU-24484,KIVIK Corner Sofa,2,Bag of hardware was incomplete — frustrating when you've set aside the whole day for it.,2026-07-25,IKEA.com
SKU-42406,SONGESAND Bed Frame,4,"Elegant and clean-looking, guests always compliment it.",2026-07-07,Google Reviews
SKU-92847,NORDEN Gateleg Table,5,You genuinely cannot beat this dining for the money. Bought two.,2026-07-17,Amazon
SKU-38702,IVAR Shelf Unit,5,Really well built — my kids climb on it and it hasn't budged.,2026-07-07,Amazon
SKU-42406,SONGESAND Bed Frame,5,So comfortable I nearly fall asleep in it. Best bed we've owned.,2026-07-23,IKEA.com
SKU-22366,ALEX Desk,5,"Gorgeous, minimalist design. This desk ties the whole room together.",2026-07-12,Amazon
SKU-78120,FALSTER Chair,5,You genuinely cannot beat this outdoor for the money. Bought two.,2026-07-25,Google Reviews
SKU-57668,HAUGESUND Mattress,2,Sags in the middle after light use. Uncomfortable to sit on for long.,2026-07-07,IKEA.com
SKU-39826,APPLARÖ Table,5,"Extremely comfortable, we sit on it every single evening.",2026-07-17,Google Reviews
SKU-35831,FLISAT Table,3,"Color looked lighter in person than online — still okay, but not what I expected.",2026-07-25,Reddit
SKU-58548,ÅSVANG Mattress,2,The finish was chipped on delivery. Return process was a hassle.,2026-07-18,IKEA.com
SKU-21640,SÖDERHAMN Sectional,1,Broke almost immediately — the joints couldn't handle everyday use.,2026-07-28,Google Reviews
SKU-78120,FALSTER Chair,5,Incredible value for the price — looks far more expensive than it is.,2026-07-26,IKEA.com
SKU-54073,IKEA 365+ Cookware Set,3,The finish is a bit different from the photos. This kitchenware is fine otherwise.,2026-07-04,Google Reviews
SKU-76398,SUNDVIK Crib,3,"The instructions for this kids were confusing, lots of unlabeled parts. Needed a second person.",2026-07-18,Trustpilot
SKU-40828,VARIERA Box,5,"Three years in and still going strong, no complaints whatsoever.",2026-07-04,Reddit
SKU-76398,SUNDVIK Crib,2,"Feels flimsy and wobbles, the screws keep loosening no matter how often I tighten them.",2026-07-25,Amazon
SKU-27995,HEMNES Wardrobe,2,"The cushions flattened within a few weeks, not comfortable at all anymore.",2026-07-24,Google Reviews
SKU-92930,LISABO Table,5,"Three years in and still going strong, no complaints whatsoever.",2026-07-19,Reddit
SKU-63950,KONCIS Roasting Pan,5,Easiest flat-pack I've built — everything lined up on the first try.,2026-07-04,Google Reviews
SKU-46477,ALEX Drawer Unit,1,Broke almost immediately — the joints couldn't handle everyday use.,2026-07-21,Trustpilot
SKU-20565,VINDUM Rug,5,Amazing quality for such a low price. Would recommend to anyone furnishing on a budget.,2026-07-04,Amazon
SKU-67346,FOTO Pendant Lamp,1,The leg cracked within weeks. Disappointed in this lighting.,2026-07-03,IKEA.com
SKU-58548,ÅSVANG Mattress,5,"Extremely comfortable, we sit on it every single evening.",2026-07-06,Amazon
SKU-63668,TARVA Bed Frame,5,"Three years in and still going strong, no complaints whatsoever.",2026-07-10,Trustpilot
SKU-20565,VINDUM Rug,1,Package arrived missing several screws and a cam lock. Had to wait a week for replacements.,2026-07-18,Google Reviews
SKU-27995,HEMNES Wardrobe,3,"Slightly different shade than pictured, minor letdown.",2026-07-31,Google Reviews
SKU-02762,HEMNES Bathroom Vanity,5,"Genuinely simple to put together, even solo.",2026-07-11,Amazon
SKU-39826,APPLARÖ Table,5,Incredible value for the price — looks far more expensive than it is.,2026-07-13,Google Reviews
SKU-14403,TOBIAS Chair,3,"Feels flimsy and wobbles, the screws keep loosening no matter how often I tighten them.",2026-07-09,IKEA.com
SKU-01468,KNOXHULT Kitchen,5,"Surprisingly sturdy and solid, no wobble at all even after months of daily use.",2026-08-01,Google Reviews
SKU-25710,STOCKSUND Loveseat,5,"Gorgeous, minimalist design. This sofa ties the whole room together.",2026-07-29,Trustpilot
SKU-59940,LILLÅNGEN Sink Cabinet,5,"Assembled in about 20 minutes, clear instructions and every part was labeled.",2026-07-28,IKEA.com
SKU-25279,TERTIAL Work Lamp,3,The finish is a bit different from the photos. This lighting is fine otherwise.,2026-07-04,Reddit
SKU-96612,MICKE Desk,5,"Gorgeous, minimalist design. This desk ties the whole room together.",2026-07-25,IKEA.com
SKU-54073,IKEA 365+ Cookware Set,2,Assembly was a nightmare — took me over three hours and the pre-drilled holes didn't line up.,2026-07-19,Google Reviews
SKU-92930,LISABO Table,5,"Elegant and clean-looking, guests always compliment it.",2026-07-25,Amazon
SKU-10175,EKET Cabinet,5,This storage feels rock-solid. Much more robust than I expected at this price.,2026-07-30,Trustpilot
SKU-25279,TERTIAL Work Lamp,5,Built to last — daily use and it hasn't shown any wear.,2026-07-24,IKEA.com
SKU-80441,NYMÅNE Floor Lamp,4,"Elegant and clean-looking, guests always compliment it.",2026-07-10,Amazon
SKU-58952,FJÄLLBO Shelf,1,Fell apart faster than I expected. You get what you pay for.,2026-07-08,Google Reviews
SKU-04453,ADDE Chair,3,"Slightly different shade than pictured, minor letdown.",2026-07-09,Trustpilot
SKU-63668,TARVA Bed Frame,1,One of the panels was cracked right out of the box. Packaging was too thin for a bed this size.,2026-07-08,Amazon
SKU-23934,VIMLE 3-Seat Sofa,5,"Three years in and still going strong, no complaints whatsoever.",2026-07-04,Google Reviews
SKU-14271,PAX Wardrobe,2,"Feels flimsy and wobbles, the screws keep loosening no matter how often I tighten them.",2026-07-29,Reddit
SKU-89569,FADO Table Lamp,5,"Three years in and still going strong, no complaints whatsoever.",2026-07-25,Amazon
SKU-57931,LACK Wall Shelf,3,"Feels flimsy and wobbles, the screws keep loosening no matter how often I tighten them.",2026-07-19,IKEA.com
SKU-96612,MICKE Desk,2,Not very stable — this desk shakes whenever you touch it.,2026-07-10,Amazon
SKU-15358,TÄRNÖ Bistro Set,5,"Assembled in about 20 minutes, clear instructions and every part was labeled.",2026-07-25,Reddit
SKU-34564,MORGEDAL Foam Mattress,5,"Perfect firmness and support, no back pain anymore.",2026-07-21,Google Reviews
SKU-23797,HÖVÅG Mattress,5,"Perfect firmness and support, no back pain anymore.",2026-07-26,IKEA.com
SKU-54073,IKEA 365+ Cookware Set,5,"Looks beautiful in our living room, exactly as pictured online.",2026-07-29,IKEA.com
SKU-23934,VIMLE 3-Seat Sofa,5,"Looks beautiful in our living room, exactly as pictured online.",2026-07-30,Trustpilot
SKU-02762,HEMNES Bathroom Vanity,5,This bathroom feels rock-solid. Much more robust than I expected at this price.,2026-07-12,Reddit
SKU-82793,LOHALS Rug,5,This rug has survived two moves and still looks new.,2026-07-13,IKEA.com
SKU-70459,KURA Reversible Bed,3,"Color looked lighter in person than online — still okay, but not what I expected.",2026-07-11,Google Reviews
SKU-05181,JÄRVFJÄLLET Office Chair,5,So comfortable I nearly fall asleep in it. Best chair we've owned.,2026-07-30,Google Reviews
SKU-39826,APPLARÖ Table,2,"Arrived with a deep scratch and a dented corner, clearly damaged in transit.",2026-07-21,Google Reviews
SKU-46477,ALEX Drawer Unit,2,"The cushions flattened within a few weeks, not comfortable at all anymore.",2026-07-12,Trustpilot
SKU-43728,FRIHETEN Sleeper Sofa,5,Incredible value for the price — looks far more expensive than it is.,2026-07-29,Reddit
SKU-84334,POÄNG Armchair,5,Amazing quality for such a low price. Would recommend to anyone furnishing on a budget.,2026-07-27,Trustpilot
SKU-30407,BRIMNES Wardrobe,1,"Cheap feeling materials, the veneer is already peeling on this wardrobe.",2026-07-06,Trustpilot
SKU-58548,ÅSVANG Mattress,5,"Three years in and still going strong, no complaints whatsoever.",2026-07-12,IKEA.com
SKU-58548,ÅSVANG Mattress,5,Amazing quality for such a low price. Would recommend to anyone furnishing on a budget.,2026-07-23,IKEA.com
SKU-53708,TROTTEN Desk,4,"Elegant and clean-looking, guests always compliment it.",2026-07-20,Reddit
SKU-57668,HAUGESUND Mattress,3,Wobbles side to side the moment you lean on it. Had to add brackets to the wall.,2026-07-09,Google Reviews
SKU-76398,SUNDVIK Crib,5,Built to last — daily use and it hasn't shown any wear.,2026-07-26,Reddit
SKU-24484,KIVIK Corner Sofa,3,Wobbles side to side the moment you lean on it. Had to add brackets to the wall.,2026-07-13,IKEA.com
SKU-25710,STOCKSUND Loveseat,2,The leg cracked within weeks. Disappointed in this sofa.,2026-07-12,IKEA.com
SKU-70459,KURA Reversible Bed,3,Assembly was a nightmare — took me over three hours and the pre-drilled holes didn't line up.,2026-07-05,IKEA.com
SKU-14271,PAX Wardrobe,3,"Color looked lighter in person than online — still okay, but not what I expected.",2026-07-25,Reddit
SKU-91516,INGATORP Table,5,This dining has survived two moves and still looks new.,2026-07-14,Reddit
SKU-57931,LACK Wall Shelf,5,"Extremely comfortable, we sit on it every single evening.",2026-07-08,IKEA.com
SKU-78120,FALSTER Chair,2,"The instructions for this outdoor were confusing, lots of unlabeled parts. Needed a second person.",2026-07-19,Trustpilot
SKU-20565,VINDUM Rug,5,"Gorgeous, minimalist design. This rug ties the whole room together.",2026-07-20,IKEA.com
SKU-72933,TROFAST Storage,5,Easiest flat-pack I've built — everything lined up on the first try.,2026-07-03,Trustpilot
SKU-92890,VARDAGEN Frying Pan,5,Incredible value for the price — looks far more expensive than it is.,2026-07-20,IKEA.com
SKU-44735,HEKTAR Pendant Lamp,2,Shipping took forever and tracking never updated.,2026-07-03,Reddit
SKU-15358,TÄRNÖ Bistro Set,4,"Gorgeous, minimalist design. This outdoor ties the whole room together.",2026-07-22,Amazon
SKU-92110,LANDSKRONA Armchair,2,Way too firm and the edges dig in. Regret buying this sofa.,2026-07-30,Reddit
SKU-60410,TROFAST Frame,5,"Surprisingly sturdy and solid, no wobble at all even after months of daily use.",2026-07-06,IKEA.com
SKU-03729,KLEPPSTAD Wardrobe,3,Delivery was two weeks late and customer service was unhelpful the whole time.,2026-07-09,Google Reviews
SKU-92847,NORDEN Gateleg Table,5,Really well built — my kids climb on it and it hasn't budged.,2026-07-09,Reddit
SKU-15358,TÄRNÖ Bistro Set,5,Incredible value for the price — looks far more expensive than it is.,2026-07-28,Google Reviews
SKU-46676,BESTÅ Storage Combo,2,"Arrived with a deep scratch and a dented corner, clearly damaged in transit.",2026-07-28,Trustpilot
SKU-06922,EKEDALEN Dining Table,2,Assembly was a nightmare — took me over three hours and the pre-drilled holes didn't line up.,2026-07-10,IKEA.com
SKU-42406,SONGESAND Bed Frame,2,Wobbles side to side the moment you lean on it. Had to add brackets to the wall.,2026-07-20,Amazon
SKU-27995,HEMNES Wardrobe,5,Really well built — my kids climb on it and it hasn't budged.,2026-07-23,Reddit
SKU-03005,BRIMNES Storage Bed,1,Package arrived missing several screws and a cam lock. Had to wait a week for replacements.,2026-07-09,Reddit
SKU-92110,LANDSKRONA Armchair,3,"The instructions for this sofa were confusing, lots of unlabeled parts. Needed a second person.",2026-07-12,Amazon
SKU-70459,KURA Reversible Bed,3,The finish is a bit different from the photos. This kids is fine otherwise.,2026-07-27,Reddit
SKU-57668,HAUGESUND Mattress,5,Easiest flat-pack I've built — everything lined up on the first try.,2026-07-12,Reddit
SKU-70459,KURA Reversible Bed,5,"Three years in and still going strong, no complaints whatsoever.",2026-07-26,Amazon
SKU-25710,STOCKSUND Loveseat,5,Incredible value for the price — looks far more expensive than it is.,2026-07-09,Trustpilot
SKU-80079,LÅNGFJÄLL Office Chair,4,"Looks beautiful in our living room, exactly as pictured online.",2026-07-18,Amazon
SKU-53708,TROTTEN Desk,5,Amazing quality for such a low price. Would recommend to anyone furnishing on a budget.,2026-07-16,Google Reviews
SKU-59902,HEMNES Bed Frame,5,Easiest flat-pack I've built — everything lined up on the first try.,2026-08-02,Amazon
SKU-59902,HEMNES Bed Frame,2,Bag of hardware was incomplete — frustrating when you've set aside the whole day for it.,2026-07-21,Amazon
SKU-57931,LACK Wall Shelf,5,You genuinely cannot beat this shelving for the money. Bought two.,2026-07-28,Reddit
SKU-40828,VARIERA Box,3,Delivery was two weeks late and customer service was unhelpful the whole time.,2026-07-20,IKEA.com
SKU-44583,STEFAN Chair,5,"Genuinely simple to put together, even solo.",2026-07-31,Amazon
SKU-46676,BESTÅ Storage Combo,2,Wobbles side to side the moment you lean on it. Had to add brackets to the wall.,2026-07-09,Trustpilot
SKU-59902,HEMNES Bed Frame,5,"Perfect firmness and support, no back pain anymore.",2026-07-17,Trustpilot
SKU-03729,KLEPPSTAD Wardrobe,5,"Assembled in about 20 minutes, clear instructions and every part was labeled.",2026-07-30,Trustpilot
SKU-80079,LÅNGFJÄLL Office Chair,4,Really well built — my kids climb on it and it hasn't budged.,2026-07-31,Trustpilot
SKU-35831,FLISAT Table,5,"Perfect firmness and support, no back pain anymore.",2026-07-04,Reddit
SKU-14271,PAX Wardrobe,2,Package arrived missing several screws and a cam lock. Had to wait a week for replacements.,2026-07-19,IKEA.com
SKU-92890,VARDAGEN Frying Pan,5,So comfortable I nearly fall asleep in it. Best kitchenware we've owned.,2026-07-15,IKEA.com
SKU-94031,RANARP Work Lamp,5,So comfortable I nearly fall asleep in it. Best lighting we've owned.,2026-07-19,IKEA.com
SKU-25710,STOCKSUND Loveseat,5,"Assembled in about 20 minutes, clear instructions and every part was labeled.",2026-07-13,IKEA.com
SKU-60410,TROFAST Frame,5,Easiest flat-pack I've built — everything lined up on the first try.,2026-07-04,Reddit
SKU-46477,ALEX Drawer Unit,5,"Elegant and clean-looking, guests always compliment it.",2026-07-29,IKEA.com
SKU-41973,RÅSKOG Utility Cart,5,Amazing quality for such a low price. Would recommend to anyone furnishing on a budget.,2026-07-31,Reddit
SKU-53708,TROTTEN Desk,5,You genuinely cannot beat this desk for the money. Bought two.,2026-07-17,Reddit
SKU-22366,ALEX Desk,5,Easiest flat-pack I've built — everything lined up on the first try.,2026-07-20,Google Reviews
SKU-92110,LANDSKRONA Armchair,2,Particleboard chipped at the edges within a month and the finish scratches if you look at it.,2026-07-23,IKEA.com
SKU-15358,TÄRNÖ Bistro Set,3,"The instructions for this outdoor were confusing, lots of unlabeled parts. Needed a second person.",2026-07-10,Reddit
SKU-94978,LINNMON Table Top,4,"Gorgeous, minimalist design. This desk ties the whole room together.",2026-07-24,Amazon
SKU-58548,ÅSVANG Mattress,5,This mattress has survived two moves and still looks new.,2026-07-16,Amazon
SKU-30407,BRIMNES Wardrobe,2,Shipping took forever and tracking never updated.,2026-07-12,Amazon
SKU-76398,SUNDVIK Crib,5,Easiest flat-pack I've built — everything lined up on the first try.,2026-07-28,Trustpilot
SKU-27995,HEMNES Wardrobe,2,"The cushions flattened within a few weeks, not comfortable at all anymore.",2026-07-26,Trustpilot
SKU-94978,LINNMON Table Top,5,Amazing quality for such a low price. Would recommend to anyone furnishing on a budget.,2026-07-09,Reddit
SKU-59940,LILLÅNGEN Sink Cabinet,5,Amazing quality for such a low price. Would recommend to anyone furnishing on a budget.,2026-07-29,Reddit
SKU-25279,TERTIAL Work Lamp,4,Really well built — my kids climb on it and it hasn't budged.,2026-07-09,Reddit
SKU-83892,IDÅSEN Sit/Stand Desk,2,"The instructions for this desk were confusing, lots of unlabeled parts. Needed a second person.",2026-07-22,Trustpilot
SKU-01468,KNOXHULT Kitchen,3,"Color looked lighter in person than online — still okay, but not what I expected.",2026-07-16,Trustpilot
SKU-46676,BESTÅ Storage Combo,2,"The cushions flattened within a few weeks, not comfortable at all anymore.",2026-07-22,Reddit
SKU-01468,KNOXHULT Kitchen,5,So comfortable I nearly fall asleep in it. Best kitchen we've owned.,2026-07-17,Reddit
SKU-82793,LOHALS Rug,1,Sags in the middle after light use. Uncomfortable to sit on for long.,2026-07-29,Google Reviews
SKU-92110,LANDSKRONA Armchair,3,"Slightly different shade than pictured, minor letdown.",2026-07-04,IKEA.com
SKU-58990,GODMORGON Cabinet,3,Delivery was two weeks late and customer service was unhelpful the whole time.,2026-07-09,Trustpilot
SKU-99985,KALLAX Shelf Unit,5,So comfortable I nearly fall asleep in it. Best shelving we've owned.,2026-07-31,Trustpilot
SKU-41973,RÅSKOG Utility Cart,1,"Two dowels were missing from the box, couldn't finish assembly until IKEA shipped more.",2026-08-01,Amazon
SKU-60410,TROFAST Frame,5,"Assembled in about 20 minutes, clear instructions and every part was labeled.",2026-07-22,Trustpilot
SKU-21640,SÖDERHAMN Sectional,4,"Elegant and clean-looking, guests always compliment it.",2026-07-13,Google Reviews
SKU-96612,MICKE Desk,5,This desk feels rock-solid. Much more robust than I expected at this price.,2026-07-11,Trustpilot
SKU-92890,VARDAGEN Frying Pan,5,"Extremely comfortable, we sit on it every single evening.",2026-08-02,Google Reviews
SKU-05181,JÄRVFJÄLLET Office Chair,3,Delivery was two weeks late and customer service was unhelpful the whole time.,2026-07-09,Google Reviews
SKU-54661,ODGER Chair,4,"Looks beautiful in our living room, exactly as pictured online.",2026-07-20,Reddit
SKU-40828,VARIERA Box,5,Amazing quality for such a low price. Would recommend to anyone furnishing on a budget.,2026-07-16,IKEA.com
SKU-76398,SUNDVIK Crib,5,This kids has survived two moves and still looks new.,2026-07-20,IKEA.com
SKU-94031,RANARP Work Lamp,5,"Looks beautiful in our living room, exactly as pictured online.",2026-07-12,IKEA.com
SKU-59940,LILLÅNGEN Sink Cabinet,1,Broke almost immediately — the joints couldn't handle everyday use.,2026-07-16,Reddit
SKU-60410,TROFAST Frame,5,This kids has survived two moves and still looks new.,2026-08-01,Amazon
SKU-44735,HEKTAR Pendant Lamp,4,"Gorgeous, minimalist design. This lighting ties the whole room together.",2026-07-08,IKEA.com
SKU-03729,KLEPPSTAD Wardrobe,4,"Elegant and clean-looking, guests always compliment it.",2026-07-10,Google Reviews
SKU-51806,BEKANT Desk,3,Not very stable — this desk shakes whenever you touch it.,2026-07-28,Amazon
SKU-63950,KONCIS Roasting Pan,3,"Color looked lighter in person than online — still okay, but not what I expected.",2026-07-11,Amazon
SKU-23934,VIMLE 3-Seat Sofa,4,"Looks beautiful in our living room, exactly as pictured online.",2026-07-05,IKEA.com
SKU-72933,TROFAST Storage,2,Sags in the middle after light use. Uncomfortable to sit on for long.,2026-07-18,Google Reviews
SKU-23934,VIMLE 3-Seat Sofa,2,Wobbles side to side the moment you lean on it. Had to add brackets to the wall.,2026-07-22,IKEA.com
SKU-30407,BRIMNES Wardrobe,5,"Gorgeous, minimalist design. This wardrobe ties the whole room together.",2026-07-05,Amazon
SKU-01468,KNOXHULT Kitchen,2,"Two dowels were missing from the box, couldn't finish assembly until IKEA shipped more.",2026-07-28,Amazon
SKU-35831,FLISAT Table,5,"Assembled in about 20 minutes, clear instructions and every part was labeled.",2026-07-10,Amazon
SKU-03005,BRIMNES Storage Bed,5,"Genuinely simple to put together, even solo.",2026-07-24,Google Reviews
SKU-23797,HÖVÅG Mattress,2,Way too firm and the edges dig in. Regret buying this mattress.,2026-07-19,Reddit
SKU-58175,GURLI Cushion Cover,5,This textile feels rock-solid. Much more robust than I expected at this price.,2026-07-19,IKEA.com
SKU-94031,RANARP Work Lamp,3,The finish is a bit different from the photos. This lighting is fine otherwise.,2026-07-13,IKEA.com
SKU-59902,HEMNES Bed Frame,3,"The instructions for this bed were confusing, lots of unlabeled parts. Needed a second person.",2026-07-17,Trustpilot
SKU-21640,SÖDERHAMN Sectional,5,"Surprisingly sturdy and solid, no wobble at all even after months of daily use.",2026-07-29,IKEA.com
SKU-54661,ODGER Chair,2,"Cheap feeling materials, the veneer is already peeling on this chair.",2026-07-21,Reddit
SKU-23934,VIMLE 3-Seat Sofa,3,The finish is a bit different from the photos. This sofa is fine otherwise.,2026-07-22,Amazon
SKU-59902,HEMNES Bed Frame,5,This bed has survived two moves and still looks new.,2026-07-23,Google Reviews
SKU-44583,STEFAN Chair,1,Sags in the middle after light use. Uncomfortable to sit on for long.,2026-07-28,Amazon
SKU-58990,GODMORGON Cabinet,5,Easiest flat-pack I've built — everything lined up on the first try.,2026-07-09,Google Reviews
SKU-41973,RÅSKOG Utility Cart,5,Really well built — my kids climb on it and it hasn't budged.,2026-07-04,Amazon
SKU-28891,MARKUS Office Chair,5,You genuinely cannot beat this chair for the money. Bought two.,2026-07-28,Amazon
SKU-42406,SONGESAND Bed Frame,3,Shipping took forever and tracking never updated.,2026-07-22,IKEA.com
SKU-78120,FALSTER Chair,5,"Three years in and still going strong, no complaints whatsoever.",2026-07-11,Trustpilot
SKU-89569,FADO Table Lamp,5,"Extremely comfortable, we sit on it every single evening.",2026-07-08,Trustpilot
SKU-54661,ODGER Chair,1,"Cheap feeling materials, the veneer is already peeling on this chair.",2026-07-16,Reddit
SKU-44735,HEKTAR Pendant Lamp,5,"Perfect firmness and support, no back pain anymore.",2026-07-05,IKEA.com
SKU-54880,MALM Bed Frame,3,Spent an entire afternoon building this. Some cam locks wouldn't tighten properly.,2026-07-20,Amazon
SKU-92847,NORDEN Gateleg Table,5,Amazing quality for such a low price. Would recommend to anyone furnishing on a budget.,2026-07-31,Amazon
SKU-54073,IKEA 365+ Cookware Set,5,"Assembled in about 20 minutes, clear instructions and every part was labeled.",2026-07-20,Reddit
SKU-25710,STOCKSUND Loveseat,2,"Ordered a month ago, arrived way past the promised date. The sofa itself is fine though.",2026-07-28,Trustpilot
SKU-14271,PAX Wardrobe,1,Way too firm and the edges dig in. Regret buying this wardrobe.,2026-07-03,Reddit
SKU-58952,FJÄLLBO Shelf,3,Delivery was two weeks late and customer service was unhelpful the whole time.,2026-07-13,Reddit
SKU-38702,IVAR Shelf Unit,5,Amazing quality for such a low price. Would recommend to anyone furnishing on a budget.,2026-07-16,IKEA.com
SKU-60410,TROFAST Frame,3,"Color looked lighter in person than online — still okay, but not what I expected.",2026-07-12,Reddit
SKU-27995,HEMNES Wardrobe,2,Delivery was two weeks late and customer service was unhelpful the whole time.,2026-07-31,IKEA.com
SKU-92847,NORDEN Gateleg Table,4,"Elegant and clean-looking, guests always compliment it.",2026-07-20,Reddit
SKU-21640,SÖDERHAMN Sectional,5,"Perfect firmness and support, no back pain anymore.",2026-07-03,Google Reviews
SKU-63950,KONCIS Roasting Pan,5,"Gorgeous, minimalist design. This kitchenware ties the whole room together.",2026-07-19,IKEA.com
SKU-25710,STOCKSUND Loveseat,5,This sofa feels rock-solid. Much more robust than I expected at this price.,2026-07-19,Trustpilot
SKU-27995,HEMNES Wardrobe,3,"Slightly different shade than pictured, minor letdown.",2026-07-23,Google Reviews
SKU-77208,STOENSE Rug,5,Amazing quality for such a low price. Would recommend to anyone furnishing on a budget.,2026-07-16,IKEA.com
SKU-72933,TROFAST Storage,4,"Gorgeous, minimalist design. This storage ties the whole room together.",2026-07-19,Trustpilot
SKU-96612,MICKE Desk,5,You genuinely cannot beat this desk for the money. Bought two.,2026-07-06,Reddit
SKU-82793,LOHALS Rug,4,"Gorgeous, minimalist design. This rug ties the whole room together.",2026-07-04,Reddit
SKU-72933,TROFAST Storage,4,This storage feels rock-solid. Much more robust than I expected at this price.,2026-07-17,Amazon
SKU-35831,FLISAT Table,2,Package arrived missing several screws and a cam lock. Had to wait a week for replacements.,2026-07-31,Amazon
SKU-60410,TROFAST Frame,5,"Extremely comfortable, we sit on it every single evening.",2026-07-15,Google Reviews
SKU-92110,LANDSKRONA Armchair,5,Amazing quality for such a low price. Would recommend to anyone furnishing on a budget.,2026-07-05,Amazon
SKU-58952,FJÄLLBO Shelf,5,This shelving has survived two moves and still looks new.,2026-07-29,Google Reviews
SKU-89569,FADO Table Lamp,2,Particleboard chipped at the edges within a month and the finish scratches if you look at it.,2026-07-21,IKEA.com
SKU-06922,EKEDALEN Dining Table,5,Built to last — daily use and it hasn't shown any wear.,2026-07-24,IKEA.com
SKU-67346,FOTO Pendant Lamp,5,"Perfect firmness and support, no back pain anymore.",2026-07-12,Reddit
SKU-34564,MORGEDAL Foam Mattress,5,You genuinely cannot beat this mattress for the money. Bought two.,2026-07-22,Google Reviews
SKU-15358,TÄRNÖ Bistro Set,1,"The cushions flattened within a few weeks, not comfortable at all anymore.",2026-07-14,Reddit
SKU-77208,STOENSE Rug,5,"Extremely comfortable, we sit on it every single evening.",2026-07-29,Google Reviews
SKU-92890,VARDAGEN Frying Pan,5,"Perfect firmness and support, no back pain anymore.",2026-07-05,Reddit
SKU-51806,BEKANT Desk,3,"Feels flimsy and wobbles, the screws keep loosening no matter how often I tighten them.",2026-07-21,Reddit
SKU-10175,EKET Cabinet,5,Built to last — daily use and it hasn't shown any wear.,2026-07-15,Google Reviews
SKU-92890,VARDAGEN Frying Pan,3,"Ordered a month ago, arrived way past the promised date. The kitchenware itself is fine though.",2026-07-12,IKEA.com
SKU-82793,LOHALS Rug,5,Built to last — daily use and it hasn't shown any wear.,2026-07-18,Google Reviews
SKU-91516,INGATORP Table,5,Built to last — daily use and it hasn't shown any wear.,2026-07-18,Trustpilot
SKU-59940,LILLÅNGEN Sink Cabinet,3,"Color looked lighter in person than online — still okay, but not what I expected.",2026-07-07,Trustpilot
SKU-23934,VIMLE 3-Seat Sofa,5,"Three years in and still going strong, no complaints whatsoever.",2026-08-02,Amazon
SKU-72933,TROFAST Storage,5,"Genuinely simple to put together, even solo.",2026-07-27,Amazon
SKU-60410,TROFAST Frame,2,Fell apart faster than I expected. You get what you pay for.,2026-07-10,IKEA.com
SKU-51806,BEKANT Desk,3,Not very stable — this desk shakes whenever you touch it.,2026-07-18,Reddit
SKU-25279,TERTIAL Work Lamp,4,"Gorgeous, minimalist design. This lighting ties the whole room together.",2026-07-04,Reddit
SKU-27995,HEMNES Wardrobe,5,Built to last — daily use and it hasn't shown any wear.,2026-07-18,Trustpilot
SKU-44583,STEFAN Chair,5,"Looks beautiful in our living room, exactly as pictured online.",2026-07-03,Google Reviews
SKU-58952,FJÄLLBO Shelf,3,"The instructions for this shelving were confusing, lots of unlabeled parts. Needed a second person.",2026-07-18,Google Reviews
SKU-15358,TÄRNÖ Bistro Set,2,Way too firm and the edges dig in. Regret buying this outdoor.,2026-07-30,Reddit
SKU-39826,APPLARÖ Table,5,Easiest flat-pack I've built — everything lined up on the first try.,2026-07-03,Trustpilot
SKU-57931,LACK Wall Shelf,5,You genuinely cannot beat this shelving for the money. Bought two.,2026-07-04,Amazon
SKU-80079,LÅNGFJÄLL Office Chair,2,"Feels flimsy and wobbles, the screws keep loosening no matter how often I tighten them.",2026-07-07,Reddit
SKU-99985,KALLAX Shelf Unit,2,"Arrived with a deep scratch and a dented corner, clearly damaged in transit.",2026-07-30,Reddit
SKU-92930,LISABO Table,4,"Elegant and clean-looking, guests always compliment it.",2026-07-05,Reddit
SKU-04453,ADDE Chair,3,"Color looked lighter in person than online — still okay, but not what I expected.",2026-07-20,Google Reviews
SKU-92890,VARDAGEN Frying Pan,5,Incredible value for the price — looks far more expensive than it is.,2026-07-03,Reddit
SKU-22366,ALEX Desk,5,Easiest flat-pack I've built — everything lined up on the first try.,2026-07-13,Trustpilot
SKU-58952,FJÄLLBO Shelf,4,"Looks beautiful in our living room, exactly as pictured online.",2026-07-13,Reddit
SKU-14403,TOBIAS Chair,5,"Three years in and still going strong, no complaints whatsoever.",2026-07-20,Trustpilot
SKU-23934,VIMLE 3-Seat Sofa,2,The leg cracked within weeks. Disappointed in this sofa.,2026-07-28,Google Reviews
SKU-23934,VIMLE 3-Seat Sofa,5,You genuinely cannot beat this sofa for the money. Bought two.,2026-07-24,Amazon
SKU-39826,APPLARÖ Table,5,Built to last — daily use and it hasn't shown any wear.,2026-07-19,Google Reviews
SKU-46477,ALEX Drawer Unit,2,Particleboard chipped at the edges within a month and the finish scratches if you look at it.,2026-07-10,Amazon
SKU-80079,LÅNGFJÄLL Office Chair,2,Spent an entire afternoon building this. Some cam locks wouldn't tighten properly.,2026-07-23,Google Reviews
SKU-06922,EKEDALEN Dining Table,2,Assembly was a nightmare — took me over three hours and the pre-drilled holes didn't line up.,2026-07-14,Amazon
SKU-58175,GURLI Cushion Cover,5,So comfortable I nearly fall asleep in it. Best textile we've owned.,2026-07-12,IKEA.com
SKU-95618,HELMER Drawer Unit,2,The leg cracked within weeks. Disappointed in this office storage.,2026-07-04,Trustpilot
SKU-82287,KLIPPAN Loveseat,4,"Gorgeous, minimalist design. This sofa ties the whole room together.",2026-07-09,Google Reviews
SKU-30407,BRIMNES Wardrobe,4,"Gorgeous, minimalist design. This wardrobe ties the whole room together.",2026-07-13,Google Reviews
SKU-54661,ODGER Chair,5,You genuinely cannot beat this chair for the money. Bought two.,2026-07-24,Trustpilot
SKU-77208,STOENSE Rug,3,Spent an entire afternoon building this. Some cam locks wouldn't tighten properly.,2026-07-30,Google Reviews
SKU-44735,HEKTAR Pendant Lamp,3,"Color looked lighter in person than online — still okay, but not what I expected.",2026-07-18,Trustpilot
SKU-40828,VARIERA Box,3,Wobbles side to side the moment you lean on it. Had to add brackets to the wall.,2026-07-11,Reddit
SKU-92890,VARDAGEN Frying Pan,2,"Feels flimsy and wobbles, the screws keep loosening no matter how often I tighten them.",2026-07-12,Reddit
SKU-03005,BRIMNES Storage Bed,5,"Three years in and still going strong, no complaints whatsoever.",2026-07-04,Reddit
SKU-57668,HAUGESUND Mattress,5,Amazing quality for such a low price. Would recommend to anyone furnishing on a budget.,2026-07-16,Trustpilot
SKU-83892,IDÅSEN Sit/Stand Desk,5,"Looks beautiful in our living room, exactly as pictured online.",2026-07-12,Trustpilot
SKU-91516,INGATORP Table,5,"Extremely comfortable, we sit on it every single evening.",2026-07-19,Trustpilot
SKU-76398,SUNDVIK Crib,5,"Genuinely simple to put together, even solo.",2026-07-19,Google Reviews
SKU-43728,FRIHETEN Sleeper Sofa,5,"Genuinely simple to put together, even solo.",2026-07-27,Reddit
SKU-59902,HEMNES Bed Frame,5,Amazing quality for such a low price. Would recommend to anyone furnishing on a budget.,2026-07-31,Reddit
SKU-25710,STOCKSUND Loveseat,1,Way too firm and the edges dig in. Regret buying this sofa.,2026-08-01,Google Reviews
SKU-20565,VINDUM Rug,4,Really well built — my kids climb on it and it hasn't budged.,2026-07-10,Amazon
SKU-44735,HEKTAR Pendant Lamp,2,The leg cracked within weeks. Disappointed in this lighting.,2026-07-06,Amazon
SKU-25279,TERTIAL Work Lamp,5,Amazing quality for such a low price. Would recommend to anyone furnishing on a budget.,2026-07-06,Google Reviews
SKU-34564,MORGEDAL Foam Mattress,5,Really well built — my kids climb on it and it hasn't budged.,2026-07-29,Trustpilot
SKU-82287,KLIPPAN Loveseat,3,Wobbles side to side the moment you lean on it. Had to add brackets to the wall.,2026-07-12,Reddit
SKU-58175,GURLI Cushion Cover,5,"Three years in and still going strong, no complaints whatsoever.",2026-07-19,Google Reviews
SKU-94978,LINNMON Table Top,4,"Looks beautiful in our living room, exactly as pictured online.",2026-07-08,Amazon
SKU-43728,FRIHETEN Sleeper Sofa,4,"Looks beautiful in our living room, exactly as pictured online.",2026-07-14,IKEA.com
SKU-41973,RÅSKOG Utility Cart,5,"Three years in and still going strong, no complaints whatsoever.",2026-07-10,IKEA.com
SKU-77208,STOENSE Rug,5,"Extremely comfortable, we sit on it every single evening.",2026-07-29,Reddit
SKU-57931,LACK Wall Shelf,5,"Elegant and clean-looking, guests always compliment it.",2026-07-14,Google Reviews
SKU-54661,ODGER Chair,4,"Elegant and clean-looking, guests always compliment it.",2026-07-17,Trustpilot
SKU-20565,VINDUM Rug,4,"Elegant and clean-looking, guests always compliment it.",2026-07-03,Reddit
SKU-53708,TROTTEN Desk,3,"Slightly different shade than pictured, minor letdown.",2026-07-18,IKEA.com
SKU-03729,KLEPPSTAD Wardrobe,2,Sags in the middle after light use. Uncomfortable to sit on for long.,2026-07-23,Amazon
SKU-20565,VINDUM Rug,5,"Surprisingly sturdy and solid, no wobble at all even after months of daily use.",2026-07-09,Reddit
SKU-92890,VARDAGEN Frying Pan,4,"Gorgeous, minimalist design. This kitchenware ties the whole room together.",2026-07-06,Trustpilot
SKU-54073,IKEA 365+ Cookware Set,5,Built to last — daily use and it hasn't shown any wear.,2026-07-17,Trustpilot
SKU-67346,FOTO Pendant Lamp,4,"Gorgeous, minimalist design. This lighting ties the whole room together.",2026-07-13,IKEA.com
SKU-41973,RÅSKOG Utility Cart,2,Shipping took forever and tracking never updated.,2026-07-10,Trustpilot
SKU-92110,LANDSKRONA Armchair,4,"Looks beautiful in our living room, exactly as pictured online.",2026-07-27,Reddit
SKU-15358,TÄRNÖ Bistro Set,4,This outdoor feels rock-solid. Much more robust than I expected at this price.,2026-07-24,IKEA.com
SKU-05181,JÄRVFJÄLLET Office Chair,1,Sags in the middle after light use. Uncomfortable to sit on for long.,2026-07-09,Amazon
SKU-44583,STEFAN Chair,2,"The instructions for this chair were confusing, lots of unlabeled parts. Needed a second person.",2026-07-04,Trustpilot
SKU-78120,FALSTER Chair,5,"Gorgeous, minimalist design. This outdoor ties the whole room together.",2026-07-19,Reddit
SKU-94031,RANARP Work Lamp,5,"Elegant and clean-looking, guests always compliment it.",2026-07-05,Amazon
SKU-54073,IKEA 365+ Cookware Set,2,"Cheap feeling materials, the veneer is already peeling on this kitchenware.",2026-07-04,Trustpilot
SKU-44735,HEKTAR Pendant Lamp,4,"Elegant and clean-looking, guests always compliment it.",2026-07-06,Trustpilot
SKU-96612,MICKE Desk,5,You genuinely cannot beat this desk for the money. Bought two.,2026-07-29,Trustpilot
SKU-30407,BRIMNES Wardrobe,4,"Gorgeous, minimalist design. This wardrobe ties the whole room together.",2026-07-16,Google Reviews
SKU-80079,LÅNGFJÄLL Office Chair,2,Fell apart faster than I expected. You get what you pay for.,2026-07-13,Amazon
SKU-40828,VARIERA Box,5,"Surprisingly sturdy and solid, no wobble at all even after months of daily use.",2026-07-29,Reddit
SKU-70459,KURA Reversible Bed,4,Really well built — my kids climb on it and it hasn't budged.,2026-08-01,IKEA.com
SKU-92110,LANDSKRONA Armchair,2,Particleboard chipped at the edges within a month and the finish scratches if you look at it.,2026-07-07,Trustpilot
SKU-54880,MALM Bed Frame,5,You genuinely cannot beat this bed for the money. Bought two.,2026-08-01,Reddit
SKU-63950,KONCIS Roasting Pan,2,Assembly was a nightmare — took me over three hours and the pre-drilled holes didn't line up.,2026-07-16,Reddit
SKU-20565,VINDUM Rug,5,Amazing quality for such a low price. Would recommend to anyone furnishing on a budget.,2026-07-24,IKEA.com
SKU-60410,TROFAST Frame,3,Delivery was two weeks late and customer service was unhelpful the whole time.,2026-07-30,IKEA.com
SKU-59940,LILLÅNGEN Sink Cabinet,4,Really well built — my kids climb on it and it hasn't budged.,2026-07-17,Google Reviews
SKU-94031,RANARP Work Lamp,5,"Looks beautiful in our living room, exactly as pictured online.",2026-07-22,Amazon
SKU-40828,VARIERA Box,5,This kitchen has survived two moves and still looks new.,2026-07-12,IKEA.com
SKU-23934,VIMLE 3-Seat Sofa,5,You genuinely cannot beat this sofa for the money. Bought two.,2026-07-16,Amazon
SKU-25710,STOCKSUND Loveseat,3,"Color looked lighter in person than online — still okay, but not what I expected.",2026-07-18,Amazon
SKU-30407,BRIMNES Wardrobe,5,Built to last — daily use and it hasn't shown any wear.,2026-07-04,IKEA.com
SKU-14403,TOBIAS Chair,5,This chair feels rock-solid. Much more robust than I expected at this price.,2026-08-01,IKEA.com
SKU-38702,IVAR Shelf Unit,1,"Arrived with a deep scratch and a dented corner, clearly damaged in transit.",2026-07-04,Google Reviews
SKU-43728,FRIHETEN Sleeper Sofa,1,Sags in the middle after light use. Uncomfortable to sit on for long.,2026-07-07,Amazon
SKU-59902,HEMNES Bed Frame,4,"Elegant and clean-looking, guests always compliment it.",2026-07-07,Amazon
SKU-39826,APPLARÖ Table,4,"Elegant and clean-looking, guests always compliment it.",2026-07-10,IKEA.com
SKU-60410,TROFAST Frame,3,"Feels flimsy and wobbles, the screws keep loosening no matter how often I tighten them.",2026-07-30,Amazon
SKU-14403,TOBIAS Chair,3,Shipping took forever and tracking never updated.,2026-07-09,Reddit
SKU-80441,NYMÅNE Floor Lamp,2,"The cushions flattened within a few weeks, not comfortable at all anymore.",2026-07-13,Google Reviews
SKU-41973,RÅSKOG Utility Cart,5,"Perfect firmness and support, no back pain anymore.",2026-07-03,Amazon
SKU-55819,FÄRGKLAR Bowl Set,5,"Surprisingly sturdy and solid, no wobble at all even after months of daily use.",2026-07-09,Reddit
SKU-57931,LACK Wall Shelf,1,Particleboard chipped at the edges within a month and the finish scratches if you look at it.,2026-07-25,Trustpilot
SKU-25279,TERTIAL Work Lamp,2,Spent an entire afternoon building this. Some cam locks wouldn't tighten properly.,2026-07-21,Google Reviews
SKU-89569,FADO Table Lamp,5,You genuinely cannot beat this lighting for the money. Bought two.,2026-07-19,Google Reviews
SKU-99985,KALLAX Shelf Unit,5,Incredible value for the price — looks far more expensive than it is.,2026-07-20,Amazon
SKU-15358,TÄRNÖ Bistro Set,5,"Three years in and still going strong, no complaints whatsoever.",2026-08-02,IKEA.com
SKU-94031,RANARP Work Lamp,5,This lighting has survived two moves and still looks new.,2026-08-02,Google Reviews
SKU-20565,VINDUM Rug,5,"Genuinely simple to put together, even solo.",2026-07-05,Reddit
SKU-44583,STEFAN Chair,5,Built to last — daily use and it hasn't shown any wear.,2026-07-21,Trustpilot
SKU-51806,BEKANT Desk,3,Wobbles side to side the moment you lean on it. Had to add brackets to the wall.,2026-07-29,IKEA.com
SKU-83892,IDÅSEN Sit/Stand Desk,5,Easiest flat-pack I've built — everything lined up on the first try.,2026-07-18,IKEA.com
SKU-89569,FADO Table Lamp,4,"Elegant and clean-looking, guests always compliment it.",2026-07-13,Amazon
SKU-28891,MARKUS Office Chair,5,So comfortable I nearly fall asleep in it. Best chair we've owned.,2026-08-02,Amazon
SKU-30407,BRIMNES Wardrobe,3,"Ordered a month ago, arrived way past the promised date. The wardrobe itself is fine though.",2026-07-19,Google Reviews
SKU-55819,FÄRGKLAR Bowl Set,2,"Ordered a month ago, arrived way past the promised date. The kitchenware itself is fine though.",2026-07-23,Reddit
SKU-28891,MARKUS Office Chair,5,So comfortable I nearly fall asleep in it. Best chair we've owned.,2026-07-03,Google Reviews
SKU-57931,LACK Wall Shelf,3,Not very stable — this shelving shakes whenever you touch it.,2026-07-08,Trustpilot
SKU-14271,PAX Wardrobe,5,Easiest flat-pack I've built — everything lined up on the first try.,2026-07-30,Reddit
SKU-28891,MARKUS Office Chair,5,Built to last — daily use and it hasn't shown any wear.,2026-07-09,Reddit
SKU-21640,SÖDERHAMN Sectional,2,Sags in the middle after light use. Uncomfortable to sit on for long.,2026-07-27,Amazon
SKU-57931,LACK Wall Shelf,2,"Ordered a month ago, arrived way past the promised date. The shelving itself is fine though.",2026-07-12,Amazon
SKU-51806,BEKANT Desk,4,"Elegant and clean-looking, guests always compliment it.",2026-07-20,Amazon
SKU-59902,HEMNES Bed Frame,5,"Perfect firmness and support, no back pain anymore.",2026-07-21,Reddit
SKU-60410,TROFAST Frame,2,The finish was chipped on delivery. Return process was a hassle.,2026-08-01,Google Reviews
SKU-02762,HEMNES Bathroom Vanity,5,"Three years in and still going strong, no complaints whatsoever.",2026-07-09,Trustpilot
SKU-94031,RANARP Work Lamp,4,Really well built — my kids climb on it and it hasn't budged.,2026-07-13,Amazon
SKU-30407,BRIMNES Wardrobe,2,"The cushions flattened within a few weeks, not comfortable at all anymore.",2026-08-02,IKEA.com
SKU-97541,BILLY Bookcase,4,This shelving feels rock-solid. Much more robust than I expected at this price.,2026-07-22,Amazon
SKU-54073,IKEA 365+ Cookware Set,5,This kitchenware has survived two moves and still looks new.,2026-08-02,Amazon
SKU-23797,HÖVÅG Mattress,1,"The cushions flattened within a few weeks, not comfortable at all anymore.",2026-07-07,Trustpilot
SKU-03729,KLEPPSTAD Wardrobe,5,"Looks beautiful in our living room, exactly as pictured online.",2026-07-17,Amazon
SKU-03729,KLEPPSTAD Wardrobe,5,"Perfect firmness and support, no back pain anymore.",2026-07-11,Amazon
SKU-72933,TROFAST Storage,5,Amazing quality for such a low price. Would recommend to anyone furnishing on a budget.,2026-07-30,IKEA.com
SKU-27995,HEMNES Wardrobe,3,"Slightly different shade than pictured, minor letdown.",2026-07-26,Reddit
SKU-53708,TROTTEN Desk,5,Built to last — daily use and it hasn't shown any wear.,2026-07-20,Amazon
SKU-14403,TOBIAS Chair,1,Particleboard chipped at the edges within a month and the finish scratches if you look at it.,2026-07-13,Amazon
SKU-80441,NYMÅNE Floor Lamp,5,You genuinely cannot beat this lighting for the money. Bought two.,2026-07-15,Amazon
SKU-67346,FOTO Pendant Lamp,5,Incredible value for the price — looks far more expensive than it is.,2026-07-25,IKEA.com
SKU-92847,NORDEN Gateleg Table,5,You genuinely cannot beat this dining for the money. Bought two.,2026-07-23,Trustpilot
SKU-40828,VARIERA Box,5,Amazing quality for such a low price. Would recommend to anyone furnishing on a budget.,2026-07-03,Google Reviews
SKU-67346,FOTO Pendant Lamp,3,The finish is a bit different from the photos. This lighting is fine otherwise.,2026-07-22,Amazon
SKU-53708,TROTTEN Desk,3,Shipping took forever and tracking never updated.,2026-07-15,IKEA.com
SKU-51806,BEKANT Desk,2,Wobbles side to side the moment you lean on it. Had to add brackets to the wall.,2026-07-30,Trustpilot
SKU-44735,HEKTAR Pendant Lamp,3,"The instructions for this lighting were confusing, lots of unlabeled parts. Needed a second person.",2026-07-14,Trustpilot
SKU-92847,NORDEN Gateleg Table,5,Easiest flat-pack I've built — everything lined up on the first try.,2026-07-13,Reddit
SKU-53708,TROTTEN Desk,5,This desk has survived two moves and still looks new.,2026-07-29,Trustpilot
SKU-72933,TROFAST Storage,2,"Ordered a month ago, arrived way past the promised date. The storage itself is fine though.",2026-07-03,IKEA.com
SKU-70459,KURA Reversible Bed,5,Really well built — my kids climb on it and it hasn't budged.,2026-07-17,Amazon
SKU-20565,VINDUM Rug,3,Spent an entire afternoon building this. Some cam locks wouldn't tighten properly.,2026-07-07,Amazon
SKU-70459,KURA Reversible Bed,4,"Surprisingly sturdy and solid, no wobble at all even after months of daily use.",2026-07-24,IKEA.com
SKU-38702,IVAR Shelf Unit,5,"Surprisingly sturdy and solid, no wobble at all even after months of daily use.",2026-07-09,Amazon
SKU-06922,EKEDALEN Dining Table,3,Not very stable — this dining shakes whenever you touch it.,2026-07-17,IKEA.com
SKU-92847,NORDEN Gateleg Table,5,Amazing quality for such a low price. Would recommend to anyone furnishing on a budget.,2026-07-07,IKEA.com
SKU-01468,KNOXHULT Kitchen,5,"Three years in and still going strong, no complaints whatsoever.",2026-07-10,Trustpilot
SKU-10175,EKET Cabinet,1,"Two dowels were missing from the box, couldn't finish assembly until IKEA shipped more.",2026-07-25,Google Reviews
SKU-42406,SONGESAND Bed Frame,5,"Extremely comfortable, we sit on it every single evening.",2026-07-27,Reddit
SKU-03729,KLEPPSTAD Wardrobe,2,Package arrived missing several screws and a cam lock. Had to wait a week for replacements.,2026-07-14,Trustpilot
SKU-84334,POÄNG Armchair,2,Shipping took forever and tracking never updated.,2026-07-22,Reddit
SKU-38702,IVAR Shelf Unit,5,This shelving has survived two moves and still looks new.,2026-07-11,Google Reviews
SKU-57931,LACK Wall Shelf,5,"Three years in and still going strong, no complaints whatsoever.",2026-07-03,Amazon
SKU-25710,STOCKSUND Loveseat,1,Broke almost immediately — the joints couldn't handle everyday use.,2026-07-06,Trustpilot
SKU-44583,STEFAN Chair,5,"Surprisingly sturdy and solid, no wobble at all even after months of daily use.",2026-07-09,Amazon
SKU-70459,KURA Reversible Bed,5,Really well built — my kids climb on it and it hasn't budged.,2026-07-20,Amazon
SKU-41973,RÅSKOG Utility Cart,5,You genuinely cannot beat this kitchen for the money. Bought two.,2026-07-17,Google Reviews
SKU-44735,HEKTAR Pendant Lamp,5,So comfortable I nearly fall asleep in it. Best lighting we've owned.,2026-07-15,IKEA.com
SKU-42406,SONGESAND Bed Frame,3,Not very stable — this bed shakes whenever you touch it.,2026-07-12,Google Reviews
SKU-54880,MALM Bed Frame,5,"Assembled in about 20 minutes, clear instructions and every part was labeled.",2026-07-18,Google Reviews
SKU-14271,PAX Wardrobe,3,Shipping took forever and tracking never updated.,2026-07-15,Trustpilot
SKU-06922,EKEDALEN Dining Table,3,Shipping took forever and tracking never updated.,2026-07-09,IKEA.com
SKU-24484,KIVIK Corner Sofa,5,Incredible value for the price — looks far more expensive than it is.,2026-07-30,Trustpilot
SKU-01468,KNOXHULT Kitchen,5,"Extremely comfortable, we sit on it every single evening.",2026-07-11,Trustpilot
SKU-10175,EKET Cabinet,5,"Surprisingly sturdy and solid, no wobble at all even after months of daily use.",2026-07-13,Google Reviews
SKU-80079,LÅNGFJÄLL Office Chair,5,Incredible value for the price — looks far more expensive than it is.,2026-07-21,Google Reviews
SKU-14403,TOBIAS Chair,5,"Genuinely simple to put together, even solo.",2026-07-30,IKEA.com
SKU-05181,JÄRVFJÄLLET Office Chair,5,"Perfect firmness and support, no back pain anymore.",2026-07-26,Reddit
SKU-01468,KNOXHULT Kitchen,5,Incredible value for the price — looks far more expensive than it is.,2026-07-06,Amazon
SKU-58548,ÅSVANG Mattress,5,So comfortable I nearly fall asleep in it. Best mattress we've owned.,2026-07-31,IKEA.com
SKU-23797,HÖVÅG Mattress,2,"The cushions flattened within a few weeks, not comfortable at all anymore.",2026-07-21,Trustpilot
SKU-96612,MICKE Desk,5,Amazing quality for such a low price. Would recommend to anyone furnishing on a budget.,2026-07-13,Trustpilot
SKU-01468,KNOXHULT Kitchen,5,"Genuinely simple to put together, even solo.",2026-07-10,Trustpilot
SKU-20565,VINDUM Rug,3,"Color looked lighter in person than online — still okay, but not what I expected.",2026-07-31,IKEA.com
SKU-51806,BEKANT Desk,5,This desk has survived two moves and still looks new.,2026-07-03,Amazon
SKU-72933,TROFAST Storage,1,"Cheap feeling materials, the veneer is already peeling on this storage.",2026-07-13,IKEA.com
SKU-44583,STEFAN Chair,5,Built to last — daily use and it hasn't shown any wear.,2026-08-02,Google Reviews
SKU-84334,POÄNG Armchair,5,"Perfect firmness and support, no back pain anymore.",2026-07-21,Google Reviews
SKU-92110,LANDSKRONA Armchair,1,"Cheap feeling materials, the veneer is already peeling on this sofa.",2026-07-21,IKEA.com
SKU-54661,ODGER Chair,5,"Perfect firmness and support, no back pain anymore.",2026-07-05,IKEA.com
SKU-89569,FADO Table Lamp,1,Way too firm and the edges dig in. Regret buying this lighting.,2026-07-06,Reddit
SKU-82793,LOHALS Rug,5,Easiest flat-pack I've built — everything lined up on the first try.,2026-07-03,IKEA.com
SKU-43728,FRIHETEN Sleeper Sofa,5,This sofa has survived two moves and still looks new.,2026-07-27,IKEA.com
SKU-25710,STOCKSUND Loveseat,2,Sags in the middle after light use. Uncomfortable to sit on for long.,2026-07-24,Reddit
SKU-82793,LOHALS Rug,5,"Assembled in about 20 minutes, clear instructions and every part was labeled.",2026-07-13,Reddit
SKU-02762,HEMNES Bathroom Vanity,3,"Color looked lighter in person than online — still okay, but not what I expected.",2026-07-24,IKEA.com
SKU-76398,SUNDVIK Crib,1,The finish was chipped on delivery. Return process was a hassle.,2026-07-23,Amazon
SKU-92930,LISABO Table,3,The finish is a bit different from the photos. This dining is fine otherwise.,2026-07-11,Amazon
SKU-54661,ODGER Chair,5,You genuinely cannot beat this chair for the money. Bought two.,2026-07-30,Amazon
SKU-25710,STOCKSUND Loveseat,4,"Looks beautiful in our living room, exactly as pictured online.",2026-08-02,Trustpilot
SKU-42624,EKTORP 3-Seat Sofa,2,Bag of hardware was incomplete — frustrating when you've set aside the whole day for it.,2026-07-17,Google Reviews
SKU-83892,IDÅSEN Sit/Stand Desk,5,"Genuinely simple to put together, even solo.",2026-07-05,IKEA.com
SKU-21640,SÖDERHAMN Sectional,5,"Gorgeous, minimalist design. This sofa ties the whole room together.",2026-07-17,IKEA.com
SKU-97541,BILLY Bookcase,2,"The instructions for this shelving were confusing, lots of unlabeled parts. Needed a second person.",2026-07-19,Reddit
SKU-89569,FADO Table Lamp,5,You genuinely cannot beat this lighting for the money. Bought two.,2026-07-28,Google Reviews
SKU-23797,HÖVÅG Mattress,2,Assembly was a nightmare — took me over three hours and the pre-drilled holes didn't line up.,2026-07-10,Reddit
SKU-82287,KLIPPAN Loveseat,5,Incredible value for the price — looks far more expensive than it is.,2026-08-01,Amazon
SKU-89569,FADO Table Lamp,5,"Assembled in about 20 minutes, clear instructions and every part was labeled.",2026-07-04,IKEA.com
SKU-78120,FALSTER Chair,2,Particleboard chipped at the edges within a month and the finish scratches if you look at it.,2026-07-23,Trustpilot
SKU-82793,LOHALS Rug,2,One of the panels was cracked right out of the box. Packaging was too thin for a rug this size.,2026-07-07,IKEA.com
SKU-92847,NORDEN Gateleg Table,5,"Assembled in about 20 minutes, clear instructions and every part was labeled.",2026-07-26,Reddit
SKU-24484,KIVIK Corner Sofa,1,Way too firm and the edges dig in. Regret buying this sofa.,2026-07-06,Google Reviews
SKU-46676,BESTÅ Storage Combo,5,"Looks beautiful in our living room, exactly as pictured online.",2026-07-22,Trustpilot
SKU-57931,LACK Wall Shelf,5,Built to last — daily use and it hasn't shown any wear.,2026-07-14,Trustpilot
SKU-54073,IKEA 365+ Cookware Set,2,Particleboard chipped at the edges within a month and the finish scratches if you look at it.,2026-07-10,Reddit
SKU-44583,STEFAN Chair,5,"Surprisingly sturdy and solid, no wobble at all even after months of daily use.",2026-07-26,Reddit
SKU-03729,KLEPPSTAD Wardrobe,3,The finish is a bit different from the photos. This wardrobe is fine otherwise.,2026-08-02,Amazon
SKU-46676,BESTÅ Storage Combo,5,You genuinely cannot beat this storage for the money. Bought two.,2026-07-18,IKEA.com
SKU-96612,MICKE Desk,2,Assembly was a nightmare — took me over three hours and the pre-drilled holes didn't line up.,2026-07-04,Trustpilot
SKU-58990,GODMORGON Cabinet,5,Easiest flat-pack I've built — everything lined up on the first try.,2026-07-10,IKEA.com
SKU-91516,INGATORP Table,5,Amazing quality for such a low price. Would recommend to anyone furnishing on a budget.,2026-07-07,Amazon
SKU-59902,HEMNES Bed Frame,5,This bed has survived two moves and still looks new.,2026-07-12,Trustpilot
SKU-54661,ODGER Chair,5,"Gorgeous, minimalist design. This chair ties the whole room together.",2026-07-11,Google Reviews
SKU-72933,TROFAST Storage,5,"Extremely comfortable, we sit on it every single evening.",2026-07-03,Trustpilot
SKU-51806,BEKANT Desk,5,"Three years in and still going strong, no complaints whatsoever.",2026-07-28,Amazon
SKU-54073,IKEA 365+ Cookware Set,1,Fell apart faster than I expected. You get what you pay for.,2026-07-22,Trustpilot
SKU-41973,RÅSKOG Utility Cart,5,"Looks beautiful in our living room, exactly as pictured online.",2026-07-31,Trustpilot
SKU-10175,EKET Cabinet,2,Delivery was two weeks late and customer service was unhelpful the whole time.,2026-07-07,Google Reviews
SKU-96612,MICKE Desk,5,You genuinely cannot beat this desk for the money. Bought two.,2026-07-21,Reddit
SKU-92110,LANDSKRONA Armchair,3,Assembly was a nightmare — took me over three hours and the pre-drilled holes didn't line up.,2026-08-02,Amazon
SKU-41973,RÅSKOG Utility Cart,5,"Three years in and still going strong, no complaints whatsoever.",2026-07-19,IKEA.com
SKU-51806,BEKANT Desk,2,"Feels flimsy and wobbles, the screws keep loosening no matter how often I tighten them.",2026-07-29,Trustpilot
SKU-77208,STOENSE Rug,5,"Genuinely simple to put together, even solo.",2026-07-15,Google Reviews
SKU-59902,HEMNES Bed Frame,5,Incredible value for the price — looks far more expensive than it is.,2026-07-05,Amazon
SKU-58548,ÅSVANG Mattress,5,Incredible value for the price — looks far more expensive than it is.,2026-08-01,Amazon
SKU-92110,LANDSKRONA Armchair,5,Really well built — my kids climb on it and it hasn't budged.,2026-07-21,Amazon
SKU-21640,SÖDERHAMN Sectional,5,"Assembled in about 20 minutes, clear instructions and every part was labeled.",2026-07-22,Trustpilot
SKU-95618,HELMER Drawer Unit,5,"Looks beautiful in our living room, exactly as pictured online.",2026-08-01,Reddit
SKU-44583,STEFAN Chair,3,The finish is a bit different from the photos. This chair is fine otherwise.,2026-07-05,Reddit
SKU-63950,KONCIS Roasting Pan,5,You genuinely cannot beat this kitchenware for the money. Bought two.,2026-07-29,Amazon
SKU-28891,MARKUS Office Chair,3,"Slightly different shade than pictured, minor letdown.",2026-07-08,Reddit
SKU-43728,FRIHETEN Sleeper Sofa,2,The leg cracked within weeks. Disappointed in this sofa.,2026-07-16,Amazon
SKU-03729,KLEPPSTAD Wardrobe,2,One of the panels was cracked right out of the box. Packaging was too thin for a wardrobe this size.,2026-07-25,Trustpilot
SKU-21640,SÖDERHAMN Sectional,4,"Looks beautiful in our living room, exactly as pictured online.",2026-07-05,Google Reviews
SKU-25710,STOCKSUND Loveseat,2,Fell apart faster than I expected. You get what you pay for.,2026-07-22,Reddit
SKU-14403,TOBIAS Chair,1,A drawer rail snapped after just a month of normal use.,2026-07-12,Trustpilot
SKU-99985,KALLAX Shelf Unit,5,"Three years in and still going strong, no complaints whatsoever.",2026-07-15,Amazon
SKU-94031,RANARP Work Lamp,1,"The cushions flattened within a few weeks, not comfortable at all anymore.",2026-07-26,Reddit
SKU-72933,TROFAST Storage,2,Fell apart faster than I expected. You get what you pay for.,2026-08-02,Google Reviews
SKU-06922,EKEDALEN Dining Table,5,This dining has survived two moves and still looks new.,2026-07-16,Google Reviews
SKU-53708,TROTTEN Desk,5,"Extremely comfortable, we sit on it every single evening.",2026-07-26,Reddit
SKU-04453,ADDE Chair,5,Incredible value for the price — looks far more expensive than it is.,2026-07-23,Reddit
SKU-28891,MARKUS Office Chair,2,Fell apart faster than I expected. You get what you pay for.,2026-07-28,Google Reviews
SKU-25710,STOCKSUND Loveseat,5,Incredible value for the price — looks far more expensive than it is.,2026-07-06,Reddit
SKU-89569,FADO Table Lamp,2,Sags in the middle after light use. Uncomfortable to sit on for long.,2026-07-03,Amazon
SKU-92930,LISABO Table,5,You genuinely cannot beat this dining for the money. Bought two.,2026-07-29,Trustpilot
SKU-55819,FÄRGKLAR Bowl Set,2,Fell apart faster than I expected. You get what you pay for.,2026-07-23,Trustpilot
SKU-15358,TÄRNÖ Bistro Set,3,Assembly was a nightmare — took me over three hours and the pre-drilled holes didn't line up.,2026-07-12,Reddit
SKU-53708,TROTTEN Desk,5,"Assembled in about 20 minutes, clear instructions and every part was labeled.",2026-07-28,IKEA.com
SKU-92847,NORDEN Gateleg Table,5,"Assembled in about 20 minutes, clear instructions and every part was labeled.",2026-07-14,Google Reviews
SKU-04453,ADDE Chair,3,The finish is a bit different from the photos. This chair is fine otherwise.,2026-07-29,Google Reviews
SKU-59902,HEMNES Bed Frame,5,"Looks beautiful in our living room, exactly as pictured online.",2026-07-13,IKEA.com
SKU-30407,BRIMNES Wardrobe,5,"Extremely comfortable, we sit on it every single evening.",2026-07-26,IKEA.com
SKU-03729,KLEPPSTAD Wardrobe,4,"Elegant and clean-looking, guests always compliment it.",2026-08-02,IKEA.com
SKU-67346,FOTO Pendant Lamp,5,"Extremely comfortable, we sit on it every single evening.",2026-07-05,Amazon
SKU-35831,FLISAT Table,2,Bag of hardware was incomplete — frustrating when you've set aside the whole day for it.,2026-07-21,IKEA.com
SKU-63950,KONCIS Roasting Pan,1,Particleboard chipped at the edges within a month and the finish scratches if you look at it.,2026-07-19,IKEA.com
SKU-23934,VIMLE 3-Seat Sofa,5,"Gorgeous, minimalist design. This sofa ties the whole room together.",2026-07-03,IKEA.com
SKU-59902,HEMNES Bed Frame,5,"Looks beautiful in our living room, exactly as pictured online.",2026-07-10,IKEA.com
SKU-78120,FALSTER Chair,1,Way too firm and the edges dig in. Regret buying this outdoor.,2026-07-14,Reddit
SKU-63950,KONCIS Roasting Pan,3,Spent an entire afternoon building this. Some cam locks wouldn't tighten properly.,2026-07-28,Reddit
SKU-55819,FÄRGKLAR Bowl Set,4,This kitchenware feels rock-solid. Much more robust than I expected at this price.,2026-07-27,Trustpilot
SKU-20565,VINDUM Rug,3,Spent an entire afternoon building this. Some cam locks wouldn't tighten properly.,2026-07-24,Google Reviews
SKU-54661,ODGER Chair,5,Amazing quality for such a low price. Would recommend to anyone furnishing on a budget.,2026-07-16,Amazon
SKU-94978,LINNMON Table Top,5,You genuinely cannot beat this desk for the money. Bought two.,2026-07-31,Google Reviews
SKU-63950,KONCIS Roasting Pan,4,"Surprisingly sturdy and solid, no wobble at all even after months of daily use.",2026-07-28,Google Reviews
SKU-03005,BRIMNES Storage Bed,5,So comfortable I nearly fall asleep in it. Best bed we've owned.,2026-07-08,Amazon
SKU-92890,VARDAGEN Frying Pan,5,"Extremely comfortable, we sit on it every single evening.",2026-07-13,Reddit
SKU-67346,FOTO Pendant Lamp,5,This lighting feels rock-solid. Much more robust than I expected at this price.,2026-07-28,Amazon
SKU-24484,KIVIK Corner Sofa,5,"Gorgeous, minimalist design. This sofa ties the whole room together.",2026-07-26,Google Reviews
SKU-06922,EKEDALEN Dining Table,5,Incredible value for the price — looks far more expensive than it is.,2026-07-12,Google Reviews
SKU-39826,APPLARÖ Table,5,"Genuinely simple to put together, even solo.",2026-08-01,Amazon
SKU-58990,GODMORGON Cabinet,5,"Genuinely simple to put together, even solo.",2026-07-05,Trustpilot
SKU-92890,VARDAGEN Frying Pan,5,"Elegant and clean-looking, guests always compliment it.",2026-08-01,Reddit
SKU-92847,NORDEN Gateleg Table,1,"Arrived with a deep scratch and a dented corner, clearly damaged in transit.",2026-07-03,Amazon
SKU-53708,TROTTEN Desk,1,"The cushions flattened within a few weeks, not comfortable at all anymore.",2026-07-08,Trustpilot
SKU-58548,ÅSVANG Mattress,5,Amazing quality for such a low price. Would recommend to anyone furnishing on a budget.,2026-07-20,Trustpilot
SKU-96612,MICKE Desk,3,"Ordered a month ago, arrived way past the promised date. The desk itself is fine though.",2026-07-04,IKEA.com
SKU-42406,SONGESAND Bed Frame,5,"Genuinely simple to put together, even solo.",2026-07-23,Google Reviews
SKU-58990,GODMORGON Cabinet,5,"Perfect firmness and support, no back pain anymore.",2026-07-14,Reddit
SKU-58990,GODMORGON Cabinet,1,"Cheap feeling materials, the veneer is already peeling on this bathroom.",2026-07-29,Trustpilot
SKU-06922,EKEDALEN Dining Table,5,"Three years in and still going strong, no complaints whatsoever.",2026-07-15,IKEA.com
SKU-58952,FJÄLLBO Shelf,2,"Two dowels were missing from the box, couldn't finish assembly until IKEA shipped more.",2026-07-25,Amazon
SKU-70459,KURA Reversible Bed,5,"Three years in and still going strong, no complaints whatsoever.",2026-07-28,Google Reviews
SKU-77208,STOENSE Rug,5,"Surprisingly sturdy and solid, no wobble at all even after months of daily use.",2026-07-21,Google Reviews
SKU-54661,ODGER Chair,5,You genuinely cannot beat this chair for the money. Bought two.,2026-07-05,Google Reviews
SKU-43728,FRIHETEN Sleeper Sofa,5,"Gorgeous, minimalist design. This sofa ties the whole room together.",2026-07-25,Amazon
SKU-63668,TARVA Bed Frame,1,A drawer rail snapped after just a month of normal use.,2026-07-24,Amazon
SKU-14271,PAX Wardrobe,5,"Elegant and clean-looking, guests always compliment it.",2026-07-13,IKEA.com
SKU-46477,ALEX Drawer Unit,5,"Perfect firmness and support, no back pain anymore.",2026-07-18,Reddit
SKU-44735,HEKTAR Pendant Lamp,2,Delivery was two weeks late and customer service was unhelpful the whole time.,2026-07-24,Reddit
SKU-77208,STOENSE Rug,4,"Surprisingly sturdy and solid, no wobble at all even after months of daily use.",2026-07-27,Trustpilot
SKU-25710,STOCKSUND Loveseat,5,"Looks beautiful in our living room, exactly as pictured online.",2026-07-04,Google Reviews
SKU-28891,MARKUS Office Chair,5,"Elegant and clean-looking, guests always compliment it.",2026-07-21,IKEA.com
SKU-21640,SÖDERHAMN Sectional,5,"Elegant and clean-looking, guests always compliment it.",2026-07-19,Trustpilot
SKU-92890,VARDAGEN Frying Pan,5,This kitchenware has survived two moves and still looks new.,2026-07-28,Google Reviews
SKU-42406,SONGESAND Bed Frame,5,"Looks beautiful in our living room, exactly as pictured online.",2026-07-28,Reddit
SKU-05181,JÄRVFJÄLLET Office Chair,2,Shipping took forever and tracking never updated.,2026-07-27,Google Reviews
SKU-20565,VINDUM Rug,5,So comfortable I nearly fall asleep in it. Best rug we've owned.,2026-07-04,Trustpilot
SKU-53708,TROTTEN Desk,3,"Color looked lighter in person than online — still okay, but not what I expected.",2026-07-25,Reddit
SKU-46676,BESTÅ Storage Combo,3,"The instructions for this storage were confusing, lots of unlabeled parts. Needed a second person.",2026-07-05,Amazon
SKU-03729,KLEPPSTAD Wardrobe,5,So comfortable I nearly fall asleep in it. Best wardrobe we've owned.,2026-07-24,Reddit
SKU-80441,NYMÅNE Floor Lamp,5,Built to last — daily use and it hasn't shown any wear.,2026-07-12,Google Reviews
SKU-15358,TÄRNÖ Bistro Set,3,The finish is a bit different from the photos. This outdoor is fine otherwise.,2026-07-12,IKEA.com
SKU-63950,KONCIS Roasting Pan,5,Amazing quality for such a low price. Would recommend to anyone furnishing on a budget.,2026-07-23,Google Reviews
SKU-97541,BILLY Bookcase,3,"Color looked lighter in person than online — still okay, but not what I expected.",2026-07-29,Reddit
SKU-54661,ODGER Chair,2,The finish was chipped on delivery. Return process was a hassle.,2026-07-23,Trustpilot
SKU-21640,SÖDERHAMN Sectional,3,The finish is a bit different from the photos. This sofa is fine otherwise.,2026-07-04,Amazon
SKU-77208,STOENSE Rug,5,"Genuinely simple to put together, even solo.",2026-07-11,Reddit
SKU-46477,ALEX Drawer Unit,5,"Genuinely simple to put together, even solo.",2026-07-16,Amazon
SKU-94031,RANARP Work Lamp,5,"Perfect firmness and support, no back pain anymore.",2026-07-05,Reddit
SKU-95618,HELMER Drawer Unit,5,"Looks beautiful in our living room, exactly as pictured online.",2026-07-10,Google Reviews
SKU-15358,TÄRNÖ Bistro Set,1,Fell apart faster than I expected. You get what you pay for.,2026-07-05,Google Reviews
SKU-42406,SONGESAND Bed Frame,4,Really well built — my kids climb on it and it hasn't budged.,2026-07-06,Google Reviews
SKU-82793,LOHALS Rug,2,"Cheap feeling materials, the veneer is already peeling on this rug.",2026-07-25,Reddit
SKU-57931,LACK Wall Shelf,5,So comfortable I nearly fall asleep in it. Best shelving we've owned.,2026-08-01,Reddit
SKU-91516,INGATORP Table,1,Way too firm and the edges dig in. Regret buying this dining.,2026-07-05,Trustpilot
SKU-60410,TROFAST Frame,5,Amazing quality for such a low price. Would recommend to anyone furnishing on a budget.,2026-07-24,Amazon
SKU-92110,LANDSKRONA Armchair,1,Package arrived missing several screws and a cam lock. Had to wait a week for replacements.,2026-07-27,Google Reviews
SKU-20565,VINDUM Rug,2,A drawer rail snapped after just a month of normal use.,2026-07-23,Trustpilot
SKU-03005,BRIMNES Storage Bed,5,So comfortable I nearly fall asleep in it. Best bed we've owned.,2026-07-13,IKEA.com
SKU-82287,KLIPPAN Loveseat,5,"Extremely comfortable, we sit on it every single evening.",2026-07-15,Trustpilot
SKU-70459,KURA Reversible Bed,1,Particleboard chipped at the edges within a month and the finish scratches if you look at it.,2026-07-14,Amazon
SKU-58175,GURLI Cushion Cover,5,Easiest flat-pack I've built — everything lined up on the first try.,2026-08-02,IKEA.com
SKU-02762,HEMNES Bathroom Vanity,5,"Surprisingly sturdy and solid, no wobble at all even after months of daily use.",2026-07-05,Google Reviews
SKU-59940,LILLÅNGEN Sink Cabinet,4,Really well built — my kids climb on it and it hasn't budged.,2026-07-10,Trustpilot
SKU-04453,ADDE Chair,3,"The instructions for this chair were confusing, lots of unlabeled parts. Needed a second person.",2026-07-29,IKEA.com
SKU-67346,FOTO Pendant Lamp,5,"Extremely comfortable, we sit on it every single evening.",2026-07-31,IKEA.com
SKU-10175,EKET Cabinet,2,Sags in the middle after light use. Uncomfortable to sit on for long.,2026-07-17,Reddit
SKU-59940,LILLÅNGEN Sink Cabinet,4,"Gorgeous, minimalist design. This bathroom ties the whole room together.",2026-07-05,Amazon
SKU-94031,RANARP Work Lamp,2,Wobbles side to side the moment you lean on it. Had to add brackets to the wall.,2026-08-02,Trustpilot
SKU-04453,ADDE Chair,2,"Feels flimsy and wobbles, the screws keep loosening no matter how often I tighten them.",2026-07-10,IKEA.com
SKU-92930,LISABO Table,5,So comfortable I nearly fall asleep in it. Best dining we've owned.,2026-07-11,IKEA.com
SKU-25279,TERTIAL Work Lamp,2,Bag of hardware was incomplete — frustrating when you've set aside the whole day for it.,2026-07-14,IKEA.com
SKU-92110,LANDSKRONA Armchair,2,Assembly was a nightmare — took me over three hours and the pre-drilled holes didn't line up.,2026-07-11,IKEA.com
SKU-82793,LOHALS Rug,5,"Perfect firmness and support, no back pain anymore.",2026-07-25,Amazon
SKU-94978,LINNMON Table Top,4,This desk feels rock-solid. Much more robust than I expected at this price.,2026-07-20,IKEA.com
SKU-58990,GODMORGON Cabinet,4,"Gorgeous, minimalist design. This bathroom ties the whole room together.",2026-07-07,IKEA.com
SKU-76398,SUNDVIK Crib,2,"The instructions for this kids were confusing, lots of unlabeled parts. Needed a second person.",2026-07-30,IKEA.com
SKU-35831,FLISAT Table,4,This kids feels rock-solid. Much more robust than I expected at this price.,2026-07-07,Reddit
SKU-28891,MARKUS Office Chair,5,Easiest flat-pack I've built — everything lined up on the first try.,2026-07-28,IKEA.com
SKU-78120,FALSTER Chair,5,"Perfect firmness and support, no back pain anymore.",2026-07-04,Amazon
SKU-30407,BRIMNES Wardrobe,4,"Elegant and clean-looking, guests always compliment it.",2026-07-31,IKEA.com
SKU-92847,NORDEN Gateleg Table,2,Assembly was a nightmare — took me over three hours and the pre-drilled holes didn't line up.,2026-07-09,Reddit
SKU-59902,HEMNES Bed Frame,2,"The instructions for this bed were confusing, lots of unlabeled parts. Needed a second person.",2026-07-13,Trustpilot
SKU-40828,VARIERA Box,2,The leg cracked within weeks. Disappointed in this kitchen.,2026-07-19,IKEA.com
SKU-63668,TARVA Bed Frame,2,"Ordered a month ago, arrived way past the promised date. The bed itself is fine though.",2026-07-22,Google Reviews
SKU-58175,GURLI Cushion Cover,2,"Feels flimsy and wobbles, the screws keep loosening no matter how often I tighten them.",2026-08-02,Trustpilot
SKU-83892,IDÅSEN Sit/Stand Desk,5,"Elegant and clean-looking, guests always compliment it.",2026-07-25,IKEA.com
SKU-44735,HEKTAR Pendant Lamp,2,Delivery was two weeks late and customer service was unhelpful the whole time.,2026-07-21,Amazon
SKU-40828,VARIERA Box,5,"Elegant and clean-looking, guests always compliment it.",2026-07-06,Amazon
SKU-82793,LOHALS Rug,3,"Color looked lighter in person than online — still okay, but not what I expected.",2026-07-29,IKEA.com
SKU-22366,ALEX Desk,5,Amazing quality for such a low price. Would recommend to anyone furnishing on a budget.,2026-07-12,Amazon
SKU-95618,HELMER Drawer Unit,3,"Slightly different shade than pictured, minor letdown.",2026-08-02,Trustpilot
SKU-63950,KONCIS Roasting Pan,1,One of the panels was cracked right out of the box. Packaging was too thin for a kitchenware this size.,2026-07-19,IKEA.com
SKU-54880,MALM Bed Frame,3,Assembly was a nightmare — took me over three hours and the pre-drilled holes didn't line up.,2026-07-11,Reddit
SKU-92847,NORDEN Gateleg Table,2,Spent an entire afternoon building this. Some cam locks wouldn't tighten properly.,2026-07-06,Google Reviews
SKU-58990,GODMORGON Cabinet,5,So comfortable I nearly fall asleep in it. Best bathroom we've owned.,2026-07-12,Trustpilot
SKU-63950,KONCIS Roasting Pan,5,"Assembled in about 20 minutes, clear instructions and every part was labeled.",2026-07-07,Reddit
SKU-92110,LANDSKRONA Armchair,5,Amazing quality for such a low price. Would recommend to anyone furnishing on a budget.,2026-07-06,Amazon
SKU-35831,FLISAT Table,1,"Two dowels were missing from the box, couldn't finish assembly until IKEA shipped more.",2026-07-23,Trustpilot
SKU-30407,BRIMNES Wardrobe,1,Sags in the middle after light use. Uncomfortable to sit on for long.,2026-07-26,Reddit
SKU-25279,TERTIAL Work Lamp,5,"Assembled in about 20 minutes, clear instructions and every part was labeled.",2026-07-19,Amazon
SKU-92847,NORDEN Gateleg Table,5,So comfortable I nearly fall asleep in it. Best dining we've owned.,2026-07-23,IKEA.com
SKU-35831,FLISAT Table,2,"Feels flimsy and wobbles, the screws keep loosening no matter how often I tighten them.",2026-07-21,Amazon
SKU-23934,VIMLE 3-Seat Sofa,5,"Three years in and still going strong, no complaints whatsoever.",2026-07-08,Reddit
SKU-10175,EKET Cabinet,1,Bag of hardware was incomplete — frustrating when you've set aside the whole day for it.,2026-07-12,Amazon
SKU-27995,HEMNES Wardrobe,5,"Assembled in about 20 minutes, clear instructions and every part was labeled.",2026-07-06,Amazon
SKU-30407,BRIMNES Wardrobe,5,Built to last — daily use and it hasn't shown any wear.,2026-07-12,Google Reviews
SKU-41973,RÅSKOG Utility Cart,5,Incredible value for the price — looks far more expensive than it is.,2026-07-23,Google Reviews
SKU-57931,LACK Wall Shelf,5,Built to last — daily use and it hasn't shown any wear.,2026-07-30,IKEA.com
SKU-83892,IDÅSEN Sit/Stand Desk,5,"Extremely comfortable, we sit on it every single evening.",2026-07-25,Reddit
SKU-28891,MARKUS Office Chair,5,"Surprisingly sturdy and solid, no wobble at all even after months of daily use.",2026-07-19,Trustpilot
SKU-27995,HEMNES Wardrobe,5,Incredible value for the price — looks far more expensive than it is.,2026-07-04,Reddit
SKU-34564,MORGEDAL Foam Mattress,2,"Cheap feeling materials, the veneer is already peeling on this mattress.",2026-07-12,Reddit
SKU-60410,TROFAST Frame,5,"Surprisingly sturdy and solid, no wobble at all even after months of daily use.",2026-07-17,IKEA.com
SKU-78120,FALSTER Chair,2,Sags in the middle after light use. Uncomfortable to sit on for long.,2026-07-09,Trustpilot
SKU-91516,INGATORP Table,4,"Surprisingly sturdy and solid, no wobble at all even after months of daily use.",2026-07-21,Reddit
SKU-14271,PAX Wardrobe,5,So comfortable I nearly fall asleep in it. Best wardrobe we've owned.,2026-07-14,Trustpilot
SKU-38702,IVAR Shelf Unit,5,Easiest flat-pack I've built — everything lined up on the first try.,2026-07-19,Trustpilot
SKU-51806,BEKANT Desk,3,Not very stable — this desk shakes whenever you touch it.,2026-07-16,Google Reviews
SKU-78120,FALSTER Chair,3,"Color looked lighter in person than online — still okay, but not what I expected.",2026-07-14,Google Reviews
SKU-03729,KLEPPSTAD Wardrobe,1,The finish was chipped on delivery. Return process was a hassle.,2026-07-13,Trustpilot
SKU-60410,TROFAST Frame,5,Built to last — daily use and it hasn't shown any wear.,2026-07-30,Google Reviews
SKU-15358,TÄRNÖ Bistro Set,5,"Perfect firmness and support, no back pain anymore.",2026-07-10,Reddit
SKU-58952,FJÄLLBO Shelf,2,Package arrived missing several screws and a cam lock. Had to wait a week for replacements.,2026-07-17,IKEA.com
SKU-21640,SÖDERHAMN Sectional,5,"Genuinely simple to put together, even solo.",2026-08-01,Trustpilot
SKU-99985,KALLAX Shelf Unit,2,Wobbles side to side the moment you lean on it. Had to add brackets to the wall.,2026-07-12,Google Reviews
SKU-96612,MICKE Desk,3,Delivery was two weeks late and customer service was unhelpful the whole time.,2026-07-09,Reddit
SKU-23934,VIMLE 3-Seat Sofa,5,"Assembled in about 20 minutes, clear instructions and every part was labeled.",2026-07-14,Reddit
SKU-04453,ADDE Chair,3,"Feels flimsy and wobbles, the screws keep loosening no matter how often I tighten them.",2026-07-17,Google Reviews
SKU-92110,LANDSKRONA Armchair,2,One of the panels was cracked right out of the box. Packaging was too thin for a sofa this size.,2026-07-03,Google Reviews
SKU-78120,FALSTER Chair,5,Incredible value for the price — looks far more expensive than it is.,2026-07-14,Amazon
SKU-04453,ADDE Chair,2,The finish was chipped on delivery. Return process was a hassle.,2026-07-16,Reddit
SKU-28891,MARKUS Office Chair,1,"Cheap feeling materials, the veneer is already peeling on this chair.",2026-07-19,Trustpilot
SKU-59902,HEMNES Bed Frame,4,Really well built — my kids climb on it and it hasn't budged.,2026-07-17,IKEA.com
SKU-25279,TERTIAL Work Lamp,5,Amazing quality for such a low price. Would recommend to anyone furnishing on a budget.,2026-07-25,Trustpilot
SKU-22366,ALEX Desk,5,"Three years in and still going strong, no complaints whatsoever.",2026-07-23,Amazon
SKU-94978,LINNMON Table Top,5,Amazing quality for such a low price. Would recommend to anyone furnishing on a budget.,2026-08-01,Reddit
SKU-10175,EKET Cabinet,5,"Extremely comfortable, we sit on it every single evening.",2026-07-08,Google Reviews
SKU-59940,LILLÅNGEN Sink Cabinet,4,Really well built — my kids climb on it and it hasn't budged.,2026-07-31,Reddit
SKU-22366,ALEX Desk,5,"Assembled in about 20 minutes, clear instructions and every part was labeled.",2026-07-22,Trustpilot
SKU-05181,JÄRVFJÄLLET Office Chair,3,"The instructions for this chair were confusing, lots of unlabeled parts. Needed a second person.",2026-07-24,Trustpilot
SKU-59940,LILLÅNGEN Sink Cabinet,5,"Extremely comfortable, we sit on it every single evening.",2026-07-12,Google Reviews
SKU-41973,RÅSKOG Utility Cart,4,"Looks beautiful in our living room, exactly as pictured online.",2026-07-12,Google Reviews
SKU-25279,TERTIAL Work Lamp,1,One of the panels was cracked right out of the box. Packaging was too thin for a lighting this size.,2026-07-25,Reddit
SKU-58952,FJÄLLBO Shelf,5,Amazing quality for such a low price. Would recommend to anyone furnishing on a budget.,2026-07-08,Reddit
SKU-41973,RÅSKOG Utility Cart,5,"Perfect firmness and support, no back pain anymore.",2026-07-27,Google Reviews
SKU-76398,SUNDVIK Crib,5,Incredible value for the price — looks far more expensive than it is.,2026-07-03,Reddit
SKU-02762,HEMNES Bathroom Vanity,5,Incredible value for the price — looks far more expensive than it is.,2026-07-12,Trustpilot
SKU-58175,GURLI Cushion Cover,2,Shipping took forever and tracking never updated.,2026-07-07,Amazon
SKU-59902,HEMNES Bed Frame,2,"Feels flimsy and wobbles, the screws keep loosening no matter how often I tighten them.",2026-07-19,Google Reviews
SKU-23934,VIMLE 3-Seat Sofa,5,Incredible value for the price — looks far more expensive than it is.,2026-07-08,Google Reviews
SKU-15358,TÄRNÖ Bistro Set,5,You genuinely cannot beat this outdoor for the money. Bought two.,2026-07-20,Amazon
SKU-41973,RÅSKOG Utility Cart,3,The finish is a bit different from the photos. This kitchen is fine otherwise.,2026-08-02,Amazon
SKU-34564,MORGEDAL Foam Mattress,5,Built to last — daily use and it hasn't shown any wear.,2026-07-15,IKEA.com
SKU-59902,HEMNES Bed Frame,5,Easiest flat-pack I've built — everything lined up on the first try.,2026-07-08,Google Reviews
SKU-42406,SONGESAND Bed Frame,5,"Gorgeous, minimalist design. This bed ties the whole room together.",2026-07-21,IKEA.com
SKU-92890,VARDAGEN Frying Pan,4,"Surprisingly sturdy and solid, no wobble at all even after months of daily use.",2026-07-10,Amazon
SKU-39826,APPLARÖ Table,4,"Gorgeous, minimalist design. This outdoor ties the whole room together.",2026-07-12,Google Reviews
SKU-42624,EKTORP 3-Seat Sofa,5,"Three years in and still going strong, no complaints whatsoever.",2026-08-02,Reddit
SKU-80441,NYMÅNE Floor Lamp,5,This lighting has survived two moves and still looks new.,2026-07-27,Google Reviews
SKU-05181,JÄRVFJÄLLET Office Chair,5,"Assembled in about 20 minutes, clear instructions and every part was labeled.",2026-07-28,Trustpilot
SKU-80079,LÅNGFJÄLL Office Chair,4,Really well built — my kids climb on it and it hasn't budged.,2026-07-08,Reddit
SKU-92110,LANDSKRONA Armchair,3,Shipping took forever and tracking never updated.,2026-07-16,IKEA.com
SKU-57931,LACK Wall Shelf,3,Assembly was a nightmare — took me over three hours and the pre-drilled holes didn't line up.,2026-07-27,Reddit
SKU-70459,KURA Reversible Bed,2,"The cushions flattened within a few weeks, not comfortable at all anymore.",2026-07-12,Trustpilot
SKU-63668,TARVA Bed Frame,4,"Looks beautiful in our living room, exactly as pictured online.",2026-07-23,Amazon
SKU-41973,RÅSKOG Utility Cart,5,"Elegant and clean-looking, guests always compliment it.",2026-07-15,Trustpilot
SKU-06922,EKEDALEN Dining Table,5,This dining has survived two moves and still looks new.,2026-07-28,IKEA.com
SKU-72933,TROFAST Storage,4,"Elegant and clean-looking, guests always compliment it.",2026-07-10,Amazon
SKU-38702,IVAR Shelf Unit,2,Shipping took forever and tracking never updated.,2026-07-10,Google Reviews
SKU-63950,KONCIS Roasting Pan,5,So comfortable I nearly fall asleep in it. Best kitchenware we've owned.,2026-07-18,Reddit
SKU-23797,HÖVÅG Mattress,1,Way too firm and the edges dig in. Regret buying this mattress.,2026-07-06,Trustpilot
SKU-02762,HEMNES Bathroom Vanity,4,Really well built — my kids climb on it and it hasn't budged.,2026-07-31,IKEA.com
SKU-60410,TROFAST Frame,3,"Slightly different shade than pictured, minor letdown.",2026-07-27,IKEA.com
SKU-78120,FALSTER Chair,5,"Elegant and clean-looking, guests always compliment it.",2026-07-09,Trustpilot
SKU-89569,FADO Table Lamp,5,"Assembled in about 20 minutes, clear instructions and every part was labeled.",2026-07-19,Reddit
SKU-76398,SUNDVIK Crib,5,Amazing quality for such a low price. Would recommend to anyone furnishing on a budget.,2026-08-02,Trustpilot
SKU-83892,IDÅSEN Sit/Stand Desk,2,Wobbles side to side the moment you lean on it. Had to add brackets to the wall.,2026-07-28,Trustpilot
SKU-06922,EKEDALEN Dining Table,1,Sags in the middle after light use. Uncomfortable to sit on for long.,2026-07-10,Amazon
SKU-94031,RANARP Work Lamp,5,Incredible value for the price — looks far more expensive than it is.,2026-07-31,Google Reviews
SKU-44735,HEKTAR Pendant Lamp,4,"Elegant and clean-looking, guests always compliment it.",2026-07-04,Google Reviews
SKU-67346,FOTO Pendant Lamp,5,"Extremely comfortable, we sit on it every single evening.",2026-08-01,Google Reviews
SKU-23797,HÖVÅG Mattress,5,"Perfect firmness and support, no back pain anymore.",2026-07-25,Reddit
SKU-39826,APPLARÖ Table,5,Built to last — daily use and it hasn't shown any wear.,2026-07-21,Google Reviews
SKU-92930,LISABO Table,3,"Slightly different shade than pictured, minor letdown.",2026-07-25,Amazon
SKU-04453,ADDE Chair,5,So comfortable I nearly fall asleep in it. Best chair we've owned.,2026-07-18,Amazon
SKU-82287,KLIPPAN Loveseat,5,So comfortable I nearly fall asleep in it. Best sofa we've owned.,2026-07-28,Trustpilot
SKU-59902,HEMNES Bed Frame,5,"Extremely comfortable, we sit on it every single evening.",2026-07-29,Trustpilot
SKU-22366,ALEX Desk,5,"Genuinely simple to put together, even solo.",2026-07-26,Amazon
SKU-30407,BRIMNES Wardrobe,3,Spent an entire afternoon building this. Some cam locks wouldn't tighten properly.,2026-07-18,Amazon
SKU-84334,POÄNG Armchair,5,"Three years in and still going strong, no complaints whatsoever.",2026-07-26,IKEA.com
SKU-58548,ÅSVANG Mattress,5,"Three years in and still going strong, no complaints whatsoever.",2026-07-13,Reddit
SKU-24484,KIVIK Corner Sofa,1,Package arrived missing several screws and a cam lock. Had to wait a week for replacements.,2026-07-28,Google Reviews
SKU-95618,HELMER Drawer Unit,5,"Perfect firmness and support, no back pain anymore.",2026-07-15,IKEA.com
SKU-58952,FJÄLLBO Shelf,1,Way too firm and the edges dig in. Regret buying this shelving.,2026-07-14,Amazon
SKU-63950,KONCIS Roasting Pan,5,Really well built — my kids climb on it and it hasn't budged.,2026-07-29,Reddit
SKU-95618,HELMER Drawer Unit,3,"Color looked lighter in person than online — still okay, but not what I expected.",2026-07-10,Google Reviews
SKU-40828,VARIERA Box,5,"Three years in and still going strong, no complaints whatsoever.",2026-07-21,Amazon
SKU-58548,ÅSVANG Mattress,5,Amazing quality for such a low price. Would recommend to anyone furnishing on a budget.,2026-07-06,Reddit
SKU-82793,LOHALS Rug,2,Delivery was two weeks late and customer service was unhelpful the whole time.,2026-07-18,Reddit
SKU-23934,VIMLE 3-Seat Sofa,1,Package arrived missing several screws and a cam lock. Had to wait a week for replacements.,2026-07-18,Trustpilot
SKU-39826,APPLARÖ Table,3,Shipping took forever and tracking never updated.,2026-07-20,Google Reviews
SKU-24484,KIVIK Corner Sofa,3,Assembly was a nightmare — took me over three hours and the pre-drilled holes didn't line up.,2026-07-03,Amazon
SKU-25279,TERTIAL Work Lamp,5,Easiest flat-pack I've built — everything lined up on the first try.,2026-07-29,Google Reviews
SKU-63950,KONCIS Roasting Pan,1,"Cheap feeling materials, the veneer is already peeling on this kitchenware.",2026-07-14,Reddit
SKU-20565,VINDUM Rug,4,"Elegant and clean-looking, guests always compliment it.",2026-07-10,IKEA.com
SKU-92847,NORDEN Gateleg Table,5,So comfortable I nearly fall asleep in it. Best dining we've owned.,2026-07-13,Trustpilot
SKU-72933,TROFAST Storage,5,"Assembled in about 20 minutes, clear instructions and every part was labeled.",2026-07-20,Reddit
SKU-80079,LÅNGFJÄLL Office Chair,5,"Elegant and clean-looking, guests always compliment it.",2026-07-22,Reddit
SKU-38702,IVAR Shelf Unit,2,A drawer rail snapped after just a month of normal use.,2026-07-20,Reddit
SKU-15358,TÄRNÖ Bistro Set,5,"Perfect firmness and support, no back pain anymore.",2026-07-16,Amazon
SKU-80079,LÅNGFJÄLL Office Chair,2,Broke almost immediately — the joints couldn't handle everyday use.,2026-07-21,Trustpilot
SKU-34564,MORGEDAL Foam Mattress,3,Not very stable — this mattress shakes whenever you touch it.,2026-07-03,Trustpilot
SKU-63668,TARVA Bed Frame,5,This bed feels rock-solid. Much more robust than I expected at this price.,2026-07-08,Reddit
SKU-92110,LANDSKRONA Armchair,4,"Surprisingly sturdy and solid, no wobble at all even after months of daily use.",2026-07-07,Trustpilot
SKU-92890,VARDAGEN Frying Pan,2,"Arrived with a deep scratch and a dented corner, clearly damaged in transit.",2026-07-31,Google Reviews
SKU-04453,ADDE Chair,5,"Genuinely simple to put together, even solo.",2026-07-21,Amazon
SKU-58990,GODMORGON Cabinet,4,"Looks beautiful in our living room, exactly as pictured online.",2026-07-13,Amazon
SKU-01468,KNOXHULT Kitchen,5,Incredible value for the price — looks far more expensive than it is.,2026-08-01,Reddit
SKU-76398,SUNDVIK Crib,5,"Perfect firmness and support, no back pain anymore.",2026-07-28,IKEA.com
SKU-89569,FADO Table Lamp,4,"Looks beautiful in our living room, exactly as pictured online.",2026-07-31,Google Reviews
SKU-77208,STOENSE Rug,5,Easiest flat-pack I've built — everything lined up on the first try.,2026-07-15,Trustpilot
SKU-58990,GODMORGON Cabinet,5,Incredible value for the price — looks far more expensive than it is.,2026-07-16,Google Reviews
SKU-15358,TÄRNÖ Bistro Set,2,One of the panels was cracked right out of the box. Packaging was too thin for a outdoor this size.,2026-07-03,Google Reviews
SKU-04453,ADDE Chair,3,The finish is a bit different from the photos. This chair is fine otherwise.,2026-07-04,Amazon
SKU-92847,NORDEN Gateleg Table,5,You genuinely cannot beat this dining for the money. Bought two.,2026-07-17,IKEA.com
SKU-15358,TÄRNÖ Bistro Set,5,You genuinely cannot beat this outdoor for the money. Bought two.,2026-07-03,IKEA.com
SKU-76398,SUNDVIK Crib,2,Sags in the middle after light use. Uncomfortable to sit on for long.,2026-07-19,Amazon
SKU-06922,EKEDALEN Dining Table,5,So comfortable I nearly fall asleep in it. Best dining we've owned.,2026-07-03,Amazon
SKU-40828,VARIERA Box,1,One of the panels was cracked right out of the box. Packaging was too thin for a kitchen this size.,2026-07-30,Google Reviews
SKU-54880,MALM Bed Frame,2,Spent an entire afternoon building this. Some cam locks wouldn't tighten properly.,2026-07-11,Trustpilot
SKU-72933,TROFAST Storage,5,"Genuinely simple to put together, even solo.",2026-07-16,IKEA.com
SKU-97541,BILLY Bookcase,4,"Gorgeous, minimalist design. This shelving ties the whole room together.",2026-07-12,Google Reviews
SKU-59902,HEMNES Bed Frame,5,This bed has survived two moves and still looks new.,2026-07-23,Google Reviews
SKU-05181,JÄRVFJÄLLET Office Chair,2,Package arrived missing several screws and a cam lock. Had to wait a week for replacements.,2026-07-03,Trustpilot
SKU-35831,FLISAT Table,2,Not very stable — this kids shakes whenever you touch it.,2026-07-26,Google Reviews
SKU-84334,POÄNG Armchair,4,"Elegant and clean-looking, guests always compliment it.",2026-07-22,Trustpilot
SKU-23797,HÖVÅG Mattress,1,Sags in the middle after light use. Uncomfortable to sit on for long.,2026-07-03,Amazon
SKU-82287,KLIPPAN Loveseat,1,"Cheap feeling materials, the veneer is already peeling on this sofa.",2026-07-22,Reddit
SKU-72933,TROFAST Storage,5,So comfortable I nearly fall asleep in it. Best storage we've owned.,2026-07-28,Reddit
SKU-38702,IVAR Shelf Unit,5,"Assembled in about 20 minutes, clear instructions and every part was labeled.",2026-07-17,Amazon
SKU-63950,KONCIS Roasting Pan,1,Sags in the middle after light use. Uncomfortable to sit on for long.,2026-07-22,Amazon
SKU-53708,TROTTEN Desk,5,"Perfect firmness and support, no back pain anymore.",2026-07-17,Amazon
SKU-72933,TROFAST Storage,2,Spent an entire afternoon building this. Some cam locks wouldn't tighten properly.,2026-07-27,Amazon
SKU-91516,INGATORP Table,5,Amazing quality for such a low price. Would recommend to anyone furnishing on a budget.,2026-07-06,Google Reviews
SKU-95618,HELMER Drawer Unit,5,This office storage has survived two moves and still looks new.,2026-07-18,Reddit
SKU-27995,HEMNES Wardrobe,5,Easiest flat-pack I've built — everything lined up on the first try.,2026-07-27,Amazon
SKU-44735,HEKTAR Pendant Lamp,5,Easiest flat-pack I've built — everything lined up on the first try.,2026-07-19,Trustpilot
SKU-92847,NORDEN Gateleg Table,5,Incredible value for the price — looks far more expensive than it is.,2026-07-10,Google Reviews
SKU-54661,ODGER Chair,5,"Three years in and still going strong, no complaints whatsoever.",2026-07-29,Trustpilot
SKU-92890,VARDAGEN Frying Pan,1,"Cheap feeling materials, the veneer is already peeling on this kitchenware.",2026-07-18,Trustpilot
SKU-58990,GODMORGON Cabinet,5,This bathroom has survived two moves and still looks new.,2026-07-24,Google Reviews
SKU-15358,TÄRNÖ Bistro Set,1,"Two dowels were missing from the box, couldn't finish assembly until IKEA shipped more.",2026-07-30,Trustpilot
SKU-25710,STOCKSUND Loveseat,5,This sofa feels rock-solid. Much more robust than I expected at this price.,2026-07-07,IKEA.com
SKU-41973,RÅSKOG Utility Cart,3,Wobbles side to side the moment you lean on it. Had to add brackets to the wall.,2026-07-22,Reddit
SKU-15358,TÄRNÖ Bistro Set,2,One of the panels was cracked right out of the box. Packaging was too thin for a outdoor this size.,2026-08-02,Amazon
SKU-34564,MORGEDAL Foam Mattress,5,"Genuinely simple to put together, even solo.",2026-07-15,Reddit
SKU-53708,TROTTEN Desk,2,The leg cracked within weeks. Disappointed in this desk.,2026-07-23,Reddit
SKU-70459,KURA Reversible Bed,2,Particleboard chipped at the edges within a month and the finish scratches if you look at it.,2026-07-21,Reddit
SKU-58952,FJÄLLBO Shelf,5,"Extremely comfortable, we sit on it every single evening.",2026-07-13,Google Reviews
SKU-82793,LOHALS Rug,3,"Color looked lighter in person than online — still okay, but not what I expected.",2026-07-31,Trustpilot
SKU-27995,HEMNES Wardrobe,5,Really well built — my kids climb on it and it hasn't budged.,2026-07-24,Google Reviews
SKU-80441,NYMÅNE Floor Lamp,5,"Gorgeous, minimalist design. This lighting ties the whole room together.",2026-07-10,Reddit
SKU-58990,GODMORGON Cabinet,2,"The cushions flattened within a few weeks, not comfortable at all anymore.",2026-07-28,IKEA.com
SKU-58548,ÅSVANG Mattress,3,Not very stable — this mattress shakes whenever you touch it.,2026-07-11,IKEA.com
SKU-84334,POÄNG Armchair,4,"Surprisingly sturdy and solid, no wobble at all even after months of daily use.",2026-07-31,Amazon
SKU-78120,FALSTER Chair,5,Amazing quality for such a low price. Would recommend to anyone furnishing on a budget.,2026-07-09,IKEA.com
SKU-23797,HÖVÅG Mattress,1,"The cushions flattened within a few weeks, not comfortable at all anymore.",2026-07-13,Amazon
SKU-46676,BESTÅ Storage Combo,5,"Gorgeous, minimalist design. This storage ties the whole room together.",2026-07-13,Trustpilot
SKU-58548,ÅSVANG Mattress,5,"Three years in and still going strong, no complaints whatsoever.",2026-08-01,Google Reviews
SKU-14271,PAX Wardrobe,2,Bag of hardware was incomplete — frustrating when you've set aside the whole day for it.,2026-07-04,Google Reviews
SKU-78120,FALSTER Chair,5,"Perfect firmness and support, no back pain anymore.",2026-07-14,Amazon
SKU-06922,EKEDALEN Dining Table,5,Easiest flat-pack I've built — everything lined up on the first try.,2026-07-18,Reddit
SKU-14403,TOBIAS Chair,2,"Cheap feeling materials, the veneer is already peeling on this chair.",2026-07-22,Amazon
SKU-97541,BILLY Bookcase,4,"Surprisingly sturdy and solid, no wobble at all even after months of daily use.",2026-07-17,Trustpilot
SKU-03729,KLEPPSTAD Wardrobe,4,"Elegant and clean-looking, guests always compliment it.",2026-07-04,Amazon
SKU-63950,KONCIS Roasting Pan,5,"Gorgeous, minimalist design. This kitchenware ties the whole room together.",2026-07-14,Trustpilot
SKU-82287,KLIPPAN Loveseat,5,This sofa has survived two moves and still looks new.,2026-07-05,Reddit
SKU-55819,FÄRGKLAR Bowl Set,5,"Genuinely simple to put together, even solo.",2026-07-10,Amazon
SKU-25279,TERTIAL Work Lamp,4,This lighting feels rock-solid. Much more robust than I expected at this price.,2026-07-13,Trustpilot
SKU-58990,GODMORGON Cabinet,2,"Cheap feeling materials, the veneer is already peeling on this bathroom.",2026-07-13,Reddit
SKU-99985,KALLAX Shelf Unit,5,"Assembled in about 20 minutes, clear instructions and every part was labeled.",2026-07-29,Google Reviews
SKU-57668,HAUGESUND Mattress,3,The finish is a bit different from the photos. This mattress is fine otherwise.,2026-07-11,Reddit
SKU-70459,KURA Reversible Bed,4,"Surprisingly sturdy and solid, no wobble at all even after months of daily use.",2026-08-01,Reddit
SKU-43728,FRIHETEN Sleeper Sofa,4,This sofa feels rock-solid. Much more robust than I expected at this price.,2026-07-25,Trustpilot
SKU-01468,KNOXHULT Kitchen,2,"Feels flimsy and wobbles, the screws keep loosening no matter how often I tighten them.",2026-07-29,IKEA.com
SKU-35831,FLISAT Table,5,This kids feels rock-solid. Much more robust than I expected at this price.,2026-07-08,Amazon
SKU-44735,HEKTAR Pendant Lamp,5,So comfortable I nearly fall asleep in it. Best lighting we've owned.,2026-07-31,Trustpilot
SKU-25710,STOCKSUND Loveseat,5,"Looks beautiful in our living room, exactly as pictured online.",2026-07-16,Amazon
SKU-95618,HELMER Drawer Unit,5,This office storage feels rock-solid. Much more robust than I expected at this price.,2026-07-07,IKEA.com
SKU-34564,MORGEDAL Foam Mattress,1,The leg cracked within weeks. Disappointed in this mattress.,2026-07-09,Amazon
SKU-44583,STEFAN Chair,2,"Feels flimsy and wobbles, the screws keep loosening no matter how often I tighten them.",2026-07-19,IKEA.com
SKU-58990,GODMORGON Cabinet,2,"The instructions for this bathroom were confusing, lots of unlabeled parts. Needed a second person.",2026-07-21,Google Reviews
SKU-14271,PAX Wardrobe,4,Really well built — my kids climb on it and it hasn't budged.,2026-07-04,Reddit
SKU-58990,GODMORGON Cabinet,5,Amazing quality for such a low price. Would recommend to anyone furnishing on a budget.,2026-07-24,Trustpilot
SKU-89569,FADO Table Lamp,1,Package arrived missing several screws and a cam lock. Had to wait a week for replacements.,2026-07-26,Amazon
SKU-14271,PAX Wardrobe,5,Amazing quality for such a low price. Would recommend to anyone furnishing on a budget.,2026-07-30,Amazon
SKU-44583,STEFAN Chair,5,Amazing quality for such a low price. Would recommend to anyone furnishing on a budget.,2026-07-08,Amazon
SKU-94978,LINNMON Table Top,5,"Assembled in about 20 minutes, clear instructions and every part was labeled.",2026-07-28,Amazon
SKU-42406,SONGESAND Bed Frame,3,Spent an entire afternoon building this. Some cam locks wouldn't tighten properly.,2026-08-01,IKEA.com
SKU-94031,RANARP Work Lamp,3,"Color looked lighter in person than online — still okay, but not what I expected.",2026-07-18,Trustpilot
SKU-72933,TROFAST Storage,2,The leg cracked within weeks. Disappointed in this storage.,2026-07-10,Trustpilot
SKU-43728,FRIHETEN Sleeper Sofa,3,Spent an entire afternoon building this. Some cam locks wouldn't tighten properly.,2026-07-29,Google Reviews
SKU-24484,KIVIK Corner Sofa,5,"Perfect firmness and support, no back pain anymore.",2026-07-24,Reddit
SKU-70459,KURA Reversible Bed,4,Really well built — my kids climb on it and it hasn't budged.,2026-07-22,Google Reviews
SKU-54073,IKEA 365+ Cookware Set,1,Particleboard chipped at the edges within a month and the finish scratches if you look at it.,2026-07-17,Trustpilot
SKU-41973,RÅSKOG Utility Cart,5,"Elegant and clean-looking, guests always compliment it.",2026-07-22,Amazon
SKU-82287,KLIPPAN Loveseat,2,Fell apart faster than I expected. You get what you pay for.,2026-07-28,IKEA.com
SKU-89569,FADO Table Lamp,1,"Cheap feeling materials, the veneer is already peeling on this lighting.",2026-07-10,IKEA.com
SKU-02762,HEMNES Bathroom Vanity,2,Shipping took forever and tracking never updated.,2026-07-12,Amazon
SKU-78120,FALSTER Chair,5,This outdoor feels rock-solid. Much more robust than I expected at this price.,2026-07-20,Google Reviews
SKU-57668,HAUGESUND Mattress,5,Incredible value for the price — looks far more expensive than it is.,2026-07-07,Trustpilot
SKU-53708,TROTTEN Desk,1,Package arrived missing several screws and a cam lock. Had to wait a week for replacements.,2026-07-18,Trustpilot
SKU-63668,TARVA Bed Frame,5,Amazing quality for such a low price. Would recommend to anyone furnishing on a budget.,2026-07-18,Reddit
SKU-92930,LISABO Table,5,"Looks beautiful in our living room, exactly as pictured online.",2026-07-14,IKEA.com
SKU-42624,EKTORP 3-Seat Sofa,5,"Surprisingly sturdy and solid, no wobble at all even after months of daily use.",2026-07-19,IKEA.com
SKU-89569,FADO Table Lamp,5,This lighting has survived two moves and still looks new.,2026-07-08,IKEA.com
SKU-99985,KALLAX Shelf Unit,5,This shelving has survived two moves and still looks new.,2026-07-31,Trustpilot
SKU-58990,GODMORGON Cabinet,5,Amazing quality for such a low price. Would recommend to anyone furnishing on a budget.,2026-07-21,Trustpilot
SKU-46477,ALEX Drawer Unit,5,Built to last — daily use and it hasn't shown any wear.,2026-07-13,Trustpilot
SKU-15358,TÄRNÖ Bistro Set,3,Not very stable — this outdoor shakes whenever you touch it.,2026-07-30,Reddit
SKU-94031,RANARP Work Lamp,3,Assembly was a nightmare — took me over three hours and the pre-drilled holes didn't line up.,2026-07-28,Trustpilot
SKU-78120,FALSTER Chair,5,"Genuinely simple to put together, even solo.",2026-07-28,Reddit
SKU-01468,KNOXHULT Kitchen,2,Sags in the middle after light use. Uncomfortable to sit on for long.,2026-07-23,Google Reviews
SKU-20565,VINDUM Rug,2,Fell apart faster than I expected. You get what you pay for.,2026-07-23,Reddit
SKU-54661,ODGER Chair,5,This chair has survived two moves and still looks new.,2026-07-09,Reddit
SKU-80079,LÅNGFJÄLL Office Chair,5,Easiest flat-pack I've built — everything lined up on the first try.,2026-07-03,Amazon
SKU-82287,KLIPPAN Loveseat,3,Not very stable — this sofa shakes whenever you touch it.,2026-08-02,Reddit
SKU-51806,BEKANT Desk,5,"Looks beautiful in our living room, exactly as pictured online.",2026-07-27,Google Reviews
SKU-43728,FRIHETEN Sleeper Sofa,2,Fell apart faster than I expected. You get what you pay for.,2026-07-17,Reddit
SKU-92847,NORDEN Gateleg Table,1,"Arrived with a deep scratch and a dented corner, clearly damaged in transit.",2026-08-01,Amazon
SKU-94031,RANARP Work Lamp,5,This lighting feels rock-solid. Much more robust than I expected at this price.,2026-07-05,Reddit
SKU-44583,STEFAN Chair,5,"Looks beautiful in our living room, exactly as pictured online.",2026-07-15,Amazon
SKU-06922,EKEDALEN Dining Table,1,The finish was chipped on delivery. Return process was a hassle.,2026-07-23,Amazon
SKU-53708,TROTTEN Desk,5,"Perfect firmness and support, no back pain anymore.",2026-07-13,Google Reviews
SKU-23934,VIMLE 3-Seat Sofa,3,"Feels flimsy and wobbles, the screws keep loosening no matter how often I tighten them.",2026-07-09,IKEA.com
SKU-30407,BRIMNES Wardrobe,5,Easiest flat-pack I've built — everything lined up on the first try.,2026-07-04,IKEA.com
SKU-14403,TOBIAS Chair,2,Not very stable — this chair shakes whenever you touch it.,2026-07-09,Amazon
SKU-92110,LANDSKRONA Armchair,4,"Gorgeous, minimalist design. This sofa ties the whole room together.",2026-07-16,Reddit
SKU-94978,LINNMON Table Top,4,"Looks beautiful in our living room, exactly as pictured online.",2026-08-01,Amazon
SKU-41973,RÅSKOG Utility Cart,2,"Feels flimsy and wobbles, the screws keep loosening no matter how often I tighten them.",2026-07-20,Google Reviews
SKU-80441,NYMÅNE Floor Lamp,5,"Surprisingly sturdy and solid, no wobble at all even after months of daily use.",2026-07-18,Reddit
SKU-92110,LANDSKRONA Armchair,5,"Three years in and still going strong, no complaints whatsoever.",2026-07-21,Reddit
SKU-55819,FÄRGKLAR Bowl Set,1,Particleboard chipped at the edges within a month and the finish scratches if you look at it.,2026-07-18,Reddit
SKU-28891,MARKUS Office Chair,5,"Perfect firmness and support, no back pain anymore.",2026-07-14,Reddit
SKU-44583,STEFAN Chair,5,"Gorgeous, minimalist design. This chair ties the whole room together.",2026-07-23,Reddit
SKU-42406,SONGESAND Bed Frame,5,You genuinely cannot beat this bed for the money. Bought two.,2026-07-22,Google Reviews
SKU-46477,ALEX Drawer Unit,4,"Gorgeous, minimalist design. This office storage ties the whole room together.",2026-07-28,Google Reviews
SKU-01468,KNOXHULT Kitchen,3,"Color looked lighter in person than online — still okay, but not what I expected.",2026-07-04,Trustpilot
SKU-28891,MARKUS Office Chair,2,Spent an entire afternoon building this. Some cam locks wouldn't tighten properly.,2026-07-06,IKEA.com
SKU-57668,HAUGESUND Mattress,2,Not very stable — this mattress shakes whenever you touch it.,2026-07-04,Trustpilot
SKU-58952,FJÄLLBO Shelf,5,You genuinely cannot beat this shelving for the money. Bought two.,2026-07-19,Amazon
SKU-43728,FRIHETEN Sleeper Sofa,4,"Looks beautiful in our living room, exactly as pictured online.",2026-07-16,Reddit
SKU-97541,BILLY Bookcase,5,Built to last — daily use and it hasn't shown any wear.,2026-07-11,IKEA.com
SKU-25279,TERTIAL Work Lamp,5,This lighting has survived two moves and still looks new.,2026-07-28,IKEA.com
SKU-58952,FJÄLLBO Shelf,5,"Surprisingly sturdy and solid, no wobble at all even after months of daily use.",2026-07-19,IKEA.com
SKU-54880,MALM Bed Frame,3,Spent an entire afternoon building this. Some cam locks wouldn't tighten properly.,2026-07-06,Google Reviews
SKU-23797,HÖVÅG Mattress,2,"The cushions flattened within a few weeks, not comfortable at all anymore.",2026-07-21,Reddit
SKU-63668,TARVA Bed Frame,2,The finish was chipped on delivery. Return process was a hassle.,2026-07-16,IKEA.com
SKU-95618,HELMER Drawer Unit,5,Really well built — my kids climb on it and it hasn't budged.,2026-07-04,IKEA.com
SKU-24484,KIVIK Corner Sofa,5,"Gorgeous, minimalist design. This sofa ties the whole room together.",2026-07-18,Amazon
SKU-22366,ALEX Desk,5,You genuinely cannot beat this desk for the money. Bought two.,2026-07-13,Google Reviews
SKU-54661,ODGER Chair,2,A drawer rail snapped after just a month of normal use.,2026-07-13,Google Reviews
SKU-67346,FOTO Pendant Lamp,1,Bag of hardware was incomplete — frustrating when you've set aside the whole day for it.,2026-07-03,Google Reviews
SKU-04453,ADDE Chair,5,Really well built — my kids climb on it and it hasn't budged.,2026-07-29,IKEA.com
SKU-25279,TERTIAL Work Lamp,5,So comfortable I nearly fall asleep in it. Best lighting we've owned.,2026-07-26,Reddit
SKU-94978,LINNMON Table Top,5,"Genuinely simple to put together, even solo.",2026-07-23,Amazon
SKU-39826,APPLARÖ Table,5,Amazing quality for such a low price. Would recommend to anyone furnishing on a budget.,2026-07-16,Trustpilot
SKU-51806,BEKANT Desk,2,Wobbles side to side the moment you lean on it. Had to add brackets to the wall.,2026-07-04,Trustpilot
SKU-06922,EKEDALEN Dining Table,2,"Arrived with a deep scratch and a dented corner, clearly damaged in transit.",2026-07-16,Reddit
SKU-34564,MORGEDAL Foam Mattress,4,Really well built — my kids climb on it and it hasn't budged.,2026-08-02,Google Reviews
SKU-20565,VINDUM Rug,2,Way too firm and the edges dig in. Regret buying this rug.,2026-07-10,Google Reviews
SKU-94978,LINNMON Table Top,1,Particleboard chipped at the edges within a month and the finish scratches if you look at it.,2026-07-28,IKEA.com
SKU-99985,KALLAX Shelf Unit,3,"Slightly different shade than pictured, minor letdown.",2026-07-26,Trustpilot
SKU-21640,SÖDERHAMN Sectional,5,"Assembled in about 20 minutes, clear instructions and every part was labeled.",2026-07-17,Reddit
SKU-92890,VARDAGEN Frying Pan,3,Assembly was a nightmare — took me over three hours and the pre-drilled holes didn't line up.,2026-07-06,Amazon
SKU-70459,KURA Reversible Bed,5,"Extremely comfortable, we sit on it every single evening.",2026-07-26,IKEA.com
SKU-20565,VINDUM Rug,1,"Cheap feeling materials, the veneer is already peeling on this rug.",2026-07-03,Amazon
SKU-04453,ADDE Chair,2,"Feels flimsy and wobbles, the screws keep loosening no matter how often I tighten them.",2026-07-31,Trustpilot
SKU-01468,KNOXHULT Kitchen,2,Bag of hardware was incomplete — frustrating when you've set aside the whole day for it.,2026-07-23,Amazon
SKU-44583,STEFAN Chair,5,"Genuinely simple to put together, even solo.",2026-07-10,Amazon
SKU-72933,TROFAST Storage,5,"Genuinely simple to put together, even solo.",2026-07-30,Amazon
